iso2,country,best_freq,latest_period,latest_npl_pct,n_quarterly_obs
AE,United Arab Emirates,Q,2024-Q4,4.13722730162714,64
AG,Antigua and Barbuda,Q,2024-Q4,5.258165,40
AI,Anguilla,Q,2025-Q1,12.243172,41
AL,Albania,Q,2025-Q1,3.83798540559098,58
AM,Armenia,Q,2024-Q3,1.12037149752807,59
AO,Angola,Q,2022-Q2,15.6529392834162,50
AR,Argentina,Q,2025-Q1,1.962139267499,53
AT,Austria,Q,2024-Q4,2.89851788152504,64
AU,Australia,Q,2025-Q1,1.06186464201603,77
AZ,Azerbaijan,Q,2024-Q4,1.948008142314,12
BA,Bosnia and Herzegovina,Q,2024-Q4,3.15224590018865,87
BB,Barbados,Q,2023-Q3,5.02634627135429,28
BD,Bangladesh,Q,2024-Q4,18.9607821141027,34
BE,Belgium,Q,2025-Q1,1.96268251387683,62
BG,Bulgaria,Q,2024-Q4,3.15576548597853,37
BI,Burundi,Q,2018-Q2,12.6961594960479,26
BN,Brunei Darussalam,Q,2023-Q2,2.46576117459861,54
BO,Bolivia,Q,2024-Q2,3.40769371519947,58
BR,Brazil,Q,2025-Q1,3.08303635159536,81
BT,Bhutan,Q,2024-Q2,3.40423836937722,58
BW,Botswana,Q,2025-Q1,3.2428127376209,53
BY,Belarus,Q,2025-Q1,3.10611249009748,58
BZ,Belize,Q,2024-Q4,3.13879350580091,32
CA,Canada,Q,2025-Q1,0.656685599886814,81
CD,"Congo, the Democratic Republic of the",Q,2024-Q4,6.32202473874535,28
CF,Central African Republic,Q,2023-Q4,16.2214322902641,56
CG,Congo,Q,2023-Q4,15.2215059695211,56
CH,Switzerland,Q,2024-Q4,0.867773195804595,65
CL,Chile,Q,2025-Q1,2.28161857771588,97
CM,Cameroon,Q,2023-Q4,12.8860295558918,56
CN,China,Q,2025-Q1,1.51332347476127,33
CO,Colombia,Q,2025-Q2,3.30833614938436,82
CR,Costa Rica,Q,2024-Q3,2.13754143932075,67
CW,Curacao,Q,2025-Q1,4.02389175659199,28
CY,Cyprus,Q,2024-Q4,4.18384437755251,65
CZ,Czech Republic,Q,2025-Q1,1.19118677102301,66
DE,Germany,Q,2025-Q1,1.73376551763412,10
DJ,Djibouti,Q,2025-Q1,3.15489513768427,50
DK,Denmark,Q,2024-Q4,2.39782467751883,30
DM,Dominica,Q,2025-Q1,12.101738,41
DO,Dominican Republic,Q,2025-Q1,1.36655124187752,33
DZ,Algeria,Q,2024-Q4,20.6807801597915,16
EC,Ecuador,Q,2025-Q2,4.18991926064059,90
EE,Estonia,Q,2025-Q1,1.47282643062173,66
ES,Spain,Q,2025-Q1,2.81642602234325,46
ET,Ethiopia,Q,2022-Q3,4.25230426927117,22
FI,Finland,Q,2025-Q1,1.46917387355067,70
FJ,Fiji,Q,2022-Q3,8.21740695542887,71
FM,"Micronesia, Federated States of",Q,2024-Q4,2.76659290697815,48
FR,France,Q,2025-Q1,2.06742996977466,52
GA,Gabon,Q,2023-Q4,7.57502661808912,56
GB,United Kingdom,Q,2025-Q1,0.976658617964784,52
GD,Grenada,Q,2025-Q1,4.744969,41
GE,Georgia,Q,2025-Q1,1.54082387611743,71
GH,Ghana,Q,2025-Q2,23.0875406891695,70
GM,Gambia,Q,2023-Q3,2.95915857665944,75
GN,Guinea,Q,2024-Q4,6.69011606207076,48
GQ,Equatorial Guinea,Q,2023-Q4,31.1481310604313,56
GR,Greece,Q,2025-Q1,3.45722112571979,67
GT,Guatemala,Q,2025-Q1,2.36481261947195,65
HK,"Hong Kong, China",Q,2025-Q1,1.56049691661105,66
HN,Honduras,Q,2025-Q2,2.59885736014603,62
HR,Croatia,Q,2025-Q1,3.07442231264468,76
HU,Hungary,Q,2025-Q1,2.62701983358765,64
ID,Indonesia,Q,2025-Q1,2.00627115384509,55
IE,Ireland,Q,2025-Q1,1.03857440191884,61
IL,Israel,Q,2025-Q1,0.696927044482896,50
IN,India,Q,2025-Q1,2.34351590842434,60
IQ,Iraq,Q,2024-Q4,16.5398134318879,39
IS,Iceland,Q,2025-Q1,2.04284952140009,38
IT,Italy,Q,2024-Q4,2.7684931969344,39
JO,Jordan,Q,2025-Q1,6.71181988952703,40
JP,Japan,Q,2024-Q3,1.2096215686749,31
KE,Kenya,Q,2024-Q4,13.5729761304392,76
KG,Kyrgyzstan,Q,2024-Q4,10.2630227772044,60
KH,Cambodia,Q,2024-Q4,7.03971774284784,60
KM,Comoros,Q,2023-Q3,14.8490313235889,55
KN,Saint Kitts and Nevis,Q,2025-Q1,18.689166,41
KR,"Korea, Republic of",Q,2024-Q2,0.292237380831375,62
KW,Kuwait,Q,2025-Q1,1.61255980960787,33
KZ,Kazakhstan,Q,2025-Q1,3.41202754353596,69
LB,Lebanon,Q,2020-Q2,23.8187761446499,37
LC,Saint Lucia,Q,2025-Q1,11.528886,41
LK,Sri Lanka,Q,2024-Q2,12.9279954534034,50
LS,Lesotho,Q,2025-Q1,4.83548643980182,65
LT,Lithuania,Q,2023-Q4,0.438033614482931,61
LU,Luxembourg,Q,2025-Q1,2.23789484543371,54
LV,Latvia,Q,2025-Q1,2.25151093410573,57
MA,Morocco,Q,2022-Q4,8.68360679573923,23
MD,"Moldova, Republic of",Q,2025-Q1,4.26494915786164,65
ME,Montenegro,Q,2024-Q3,4.74923910331152,75
MG,Madagascar,Q,2025-Q1,8.05829276390194,79
MK,"North Macedonia, Republic of",Q,2025-Q1,2.43969733331211,78
MN,Mongolia,Q,2025-Q2,4.26630306086912,38
MO,Macao,Q,2025-Q1,4.95484150514241,61
MS,Montserrat,Q,2025-Q1,6.08559,41
MT,Malta,Q,2025-Q1,2.47891103541973,81
MU,Mauritius,Q,2024-Q4,3.68704225875131,64
MV,Maldives,Q,2025-Q1,6.19269470979149,53
MW,Malawi,Q,2024-Q3,7.98098006328055,38
MX,Mexico,Q,2025-Q1,2.00057811877515,81
MY,Malaysia,Q,2025-Q1,1.41533951773325,78
MZ,Mozambique,Q,2024-Q2,8.29793188740598,43
NA,Namibia,Q,2025-Q1,5.41925215190454,61
NG,Nigeria,Q,2025-Q1,6.03147924315871,73
NI,Nicaragua,Q,2024-Q4,1.2433642775144,68
NL,Netherlands,Q,2025-Q1,1.57874120416382,69
NO,Norway,Q,2025-Q1,0.416652238412171,65
NP,Nepal,Q,2025-Q1,4.94367914482319,35
PA,Panama,Q,2025-Q1,2.33657158335387,81
PE,Peru,Q,2024-Q3,4.39887209501457,56
PG,Papua New Guinea,Q,2023-Q4,5.41890192594108,61
PH,Philippines,Q,2025-Q1,3.25897691988242,65
PK,Pakistan,Q,2025-Q1,6.38175344799019,46
PL,Poland,Q,2025-Q1,1.81271494686077,66
PS,"Palestine, State of",Q,2024-Q2,3.42919862768092,63
PT,Portugal,Q,2025-Q1,2.65242427318824,64
PY,Paraguay,Q,2025-Q1,2.39107675386254,81
RO,Romania,Q,2025-Q1,2.93117520098841,61
RU,Russian Federation,Q,2024-Q1,4.58083931649606,60
RW,Rwanda,Q,2024-Q4,4.18430963986443,68
SA,Saudi Arabia,Q,2025-Q1,1.20736118640534,65
SB,Solomon Islands,Q,2024-Q1,8.72701614110742,57
SC,Seychelles,Q,2021-Q4,5.45432944756268,48
SE,Sweden,Q,2024-Q4,0.506332050543119,36
SG,Singapore,Q,2019-Q4,1.30642223339991,45
SI,Slovenia,Q,2025-Q1,1.70986596372936,63
SK,Slovakia,Q,2025-Q1,1.98345751037966,57
SM,San Marino,Q,2025-Q1,16.1679457359537,62
SO,Somalia,Q,2025-Q1,2.83079505681562,29
SV,El Salvador,Q,2025-Q1,1.58876652145209,66
SX,Sint Maarten (Dutch part),Q,2023-Q2,10.03867368082,21
SZ,Eswatini,Q,2025-Q2,7.07377152702504,66
TD,Chad,Q,2023-Q4,31.5108722767164,56
TH,Thailand,Q,2025-Q1,2.92438181069625,77
TJ,Tajikistan,Q,2021-Q4,13.6547196765819,56
TO,Tonga,Q,2024-Q2,10.8704229724196,50
TR,Türkiye,Q,2025-Q1,1.82005256822439,78
TT,Trinidad and Tobago,Q,2025-Q1,2.89795617524196,69
TZ,"Tanzania, United Republic of",Q,2023-Q2,4.93486913811716,50
UA,Ukraine,Q,2025-Q2,27.0141407910808,79
UG,Uganda,Q,2024-Q3,4.68318190861349,79
US,United States,Q,2024-Q3,0.93506142779742,63
UY,Uruguay,Q,2025-Q1,1.53973961741285,23
UZ,Uzbekistan,Q,2025-Q2,3.72215321384891,26
VC,Saint Vincent and the Grenadines,Q,2025-Q1,6.741099,41
VN,Viet Nam,Q,2024-Q4,4.84808056727129,25
VU,Vanuatu,Q,2018-Q1,16.0617638027038,33
WS,Samoa,Q,2025-Q2,4.64386663801511,38
XK,"Kosovo, Republic of",Q,2025-Q1,1.78467598547854,59
ZA,South Africa,Q,2024-Q4,4.53555112448807,68
ZM,Zambia,Q,2024-Q4,4.06472934916429,72
