country,iso3,year,npl_pct
Afghanistan,AFG,2010,49.9013229069412
Afghanistan,AFG,2011,4.6968178252385
Afghanistan,AFG,2012,4.95890140377645
Afghanistan,AFG,2013,4.85228704838131
Afghanistan,AFG,2014,7.7810908959605
Afghanistan,AFG,2015,12.0536179767696
Afghanistan,AFG,2016,11.0743789647307
Afghanistan,AFG,2017,12.2018301907814
Afghanistan,AFG,2018,8.88666018352578
Angola,AGO,2010,3.17305056414186
Angola,AGO,2011,2.01496821504011
Angola,AGO,2012,4.35011884491608
Angola,AGO,2013,7.97676918024597
Angola,AGO,2014,10.1905320738465
Angola,AGO,2015,10.6112339715732
Angola,AGO,2016,11.2850858065096
Angola,AGO,2017,25.8360610272673
Angola,AGO,2018,23.2217366851526
Angola,AGO,2019,23.1454688212139
Angola,AGO,2020,12.2238112230323
Angola,AGO,2021,14.9960876543918
Angola,AGO,2023,10.1987233405644
Angola,AGO,2024,14.1307640434436
Albania,ALB,2010,13.508216768554
Albania,ALB,2011,18.0478530368439
Albania,ALB,2012,21.1949876792054
Albania,ALB,2013,22.2438572106859
Albania,ALB,2014,21.4603340500502
Albania,ALB,2015,16.8424536921791
Albania,ALB,2016,16.5545127518584
Albania,ALB,2017,11.97172277931
Albania,ALB,2018,10.4273900688182
Albania,ALB,2019,7.97222983771094
Albania,ALB,2020,7.65009174813949
Albania,ALB,2021,5.39391025321322
Albania,ALB,2022,4.78957460572704
Albania,ALB,2023,4.55680329892816
Albania,ALB,2024,4.00286963845923
Albania,ALB,2025,3.64704633400829
United Arab Emirates,ARE,2009,4.17812783392795
United Arab Emirates,ARE,2010,5.26698896173512
United Arab Emirates,ARE,2011,6.08629581295721
United Arab Emirates,ARE,2012,7.12965175228016
United Arab Emirates,ARE,2013,5.85229580988926
United Arab Emirates,ARE,2014,5.31214096469623
United Arab Emirates,ARE,2015,4.74620283630956
United Arab Emirates,ARE,2016,4.79735362210192
United Arab Emirates,ARE,2017,4.99704232082411
United Arab Emirates,ARE,2018,5.25650797811493
United Arab Emirates,ARE,2019,6.02686885240592
United Arab Emirates,ARE,2020,7.57146032262558
United Arab Emirates,ARE,2021,7.28694437688478
United Arab Emirates,ARE,2022,6.55317267111425
United Arab Emirates,ARE,2023,5.30826886216617
United Arab Emirates,ARE,2024,4.13722730162714
Argentina,ARG,2005,5.1808433744425
Argentina,ARG,2006,3.3907141955962
Argentina,ARG,2007,2.72684750122497
Argentina,ARG,2008,2.67920601141364
Argentina,ARG,2009,2.98195821294241
Argentina,ARG,2010,1.84399576317014
Argentina,ARG,2011,1.22770795872112
Argentina,ARG,2012,1.53673589612636
Argentina,ARG,2013,1.53372870982538
Argentina,ARG,2014,1.79255873857877
Argentina,ARG,2015,1.5742013281649
Argentina,ARG,2016,1.70027750562074
Argentina,ARG,2017,1.73479928371252
Argentina,ARG,2018,2.95778551361675
Argentina,ARG,2019,5.7029147138395
Argentina,ARG,2020,4.15006400338997
Argentina,ARG,2021,4.29211290587395
Argentina,ARG,2022,3.09401335778846
Argentina,ARG,2023,3.54904853535679
Argentina,ARG,2024,1.56400803016664
Argentina,ARG,2025,5.29307311972797
Armenia,ARM,2010,3.04141129948019
Armenia,ARM,2011,3.42109151341692
Armenia,ARM,2012,3.66922217057882
Armenia,ARM,2013,4.48533892299217
Armenia,ARM,2014,6.96975042813575
Armenia,ARM,2015,7.94971668385926
Armenia,ARM,2016,6.72411125058908
Armenia,ARM,2017,5.43231777940314
Armenia,ARM,2018,4.75439825091816
Armenia,ARM,2019,5.50666582915208
Armenia,ARM,2020,6.55481572888625
Armenia,ARM,2021,1.83298359761034
Armenia,ARM,2022,2.39795961089627
Armenia,ARM,2023,2.14617019955882
Armenia,ARM,2024,1.1256000743568
Antigua and Barbuda,ATG,2015,9.542383
Antigua and Barbuda,ATG,2016,8.655527
Antigua and Barbuda,ATG,2017,7.938071
Antigua and Barbuda,ATG,2018,6.350929
Antigua and Barbuda,ATG,2019,5.33456
Antigua and Barbuda,ATG,2020,7.39802194432002
Antigua and Barbuda,ATG,2021,7.79597173904749
Antigua and Barbuda,ATG,2022,6.90908018213116
Antigua and Barbuda,ATG,2023,5.98311
Antigua and Barbuda,ATG,2024,4.167098
Antigua and Barbuda,ATG,2025,3.35038
Australia,AUS,2006,0.574013140486955
Australia,AUS,2007,0.559225604529487
Australia,AUS,2008,1.35526208847002
Australia,AUS,2009,2.01806458457877
Australia,AUS,2010,2.1485612599986
Australia,AUS,2011,1.96838634633668
Australia,AUS,2012,1.70189150824109
Australia,AUS,2013,1.36517488167218
Australia,AUS,2014,1.01384449933767
Australia,AUS,2015,0.88872549882617
Australia,AUS,2016,0.947676353339702
Australia,AUS,2017,0.85701375017575
Australia,AUS,2018,0.901855193874304
Australia,AUS,2019,0.961493162441896
Australia,AUS,2020,1.10778271314937
Australia,AUS,2021,0.912575245358042
Australia,AUS,2022,0.72166697284902
Australia,AUS,2023,0.853813554299551
Australia,AUS,2024,0.994877225557668
Australia,AUS,2025,1.00178399000036
Austria,AUT,2006,2.73942939162815
Austria,AUT,2007,2.24246731582086
Austria,AUT,2008,1.90306942802893
Austria,AUT,2009,2.25042258658752
Austria,AUT,2010,2.83071715205898
Austria,AUT,2011,2.70681550509306
Austria,AUT,2012,2.81336476630545
Austria,AUT,2013,2.86654169526513
Austria,AUT,2014,3.47337431453068
Austria,AUT,2015,3.39283728404187
Austria,AUT,2016,2.69521741465076
Austria,AUT,2017,2.36889544229069
Austria,AUT,2018,2.90095686469682
Austria,AUT,2019,2.41057983492873
Austria,AUT,2020,2.38904558369577
Austria,AUT,2021,2.08460790714203
Austria,AUT,2022,1.99589852996514
Austria,AUT,2023,2.52563805409574
Austria,AUT,2024,2.93343148636791
Azerbaijan,AZE,2022,2.56167104838045
Azerbaijan,AZE,2023,1.92600191309967
Azerbaijan,AZE,2024,1.948008142314
Azerbaijan,AZE,2025,1.98320292214901
Burundi,BDI,2023,2.76526732032198
Burundi,BDI,2024,3.45484346660372
Burundi,BDI,2025,3.84802166745134
Belgium,BEL,2006,1.28016415707088
Belgium,BEL,2007,1.16267286868485
Belgium,BEL,2008,1.66567893097525
Belgium,BEL,2009,3.1149472043257
Belgium,BEL,2010,2.83293355859471
Belgium,BEL,2011,3.34867691886338
Belgium,BEL,2012,3.79788657163647
Belgium,BEL,2013,4.31853746708399
Belgium,BEL,2014,4.24739060198863
Belgium,BEL,2015,3.85093164747181
Belgium,BEL,2016,3.48452664274546
Belgium,BEL,2017,2.96174954064201
Belgium,BEL,2018,2.26826570545996
Belgium,BEL,2019,2.08706915566812
Belgium,BEL,2020,2.06995809018823
Belgium,BEL,2021,2.03126042204703
Belgium,BEL,2022,1.83865174031702
Belgium,BEL,2023,1.82074761185815
Belgium,BEL,2024,2.00199409187463
Belgium,BEL,2025,1.99578290053879
Bangladesh,BGD,2011,1.9042059394074
Bangladesh,BGD,2012,6.72327958982541
Bangladesh,BGD,2013,4.84439636539415
Bangladesh,BGD,2014,9.36516719804562
Bangladesh,BGD,2015,8.39790781352824
Bangladesh,BGD,2016,8.8585217562526
Bangladesh,BGD,2017,8.89566055291347
Bangladesh,BGD,2018,9.88732966644866
Bangladesh,BGD,2019,8.90213335235846
Bangladesh,BGD,2020,7.73754873370445
Bangladesh,BGD,2021,7.96907960398036
Bangladesh,BGD,2022,8.72436040117116
Bangladesh,BGD,2023,9.56912775275672
Bangladesh,BGD,2024,18.9607821141026
Bulgaria,BGR,2008,2.40390652919767
Bulgaria,BGR,2009,6.42293385932724
Bulgaria,BGR,2010,11.9177087634193
Bulgaria,BGR,2011,14.9736139565097
Bulgaria,BGR,2012,16.6263209293068
Bulgaria,BGR,2013,16.8785208328338
Bulgaria,BGR,2014,16.7465294214345
Bulgaria,BGR,2015,14.612050861519
Bulgaria,BGR,2016,13.1730655335127
Bulgaria,BGR,2017,10.4344534162519
Bulgaria,BGR,2018,7.80156177334956
Bulgaria,BGR,2019,6.62129943689451
Bulgaria,BGR,2020,5.79835202186254
Bulgaria,BGR,2021,5.94059438427244
Bulgaria,BGR,2022,4.5273315980334
Bulgaria,BGR,2023,3.61815842974246
Bulgaria,BGR,2024,3.17386305040232
Bulgaria,BGR,2025,2.82339645536754
Bosnia and Herzegovina,BIH,2000,21.2159648335049
Bosnia and Herzegovina,BIH,2001,17.9071007297324
Bosnia and Herzegovina,BIH,2002,11.0172196258193
Bosnia and Herzegovina,BIH,2003,8.38582572565641
Bosnia and Herzegovina,BIH,2004,6.07354427319199
Bosnia and Herzegovina,BIH,2005,5.27560000618113
Bosnia and Herzegovina,BIH,2006,3.99876150251154
Bosnia and Herzegovina,BIH,2007,3.01859191826486
Bosnia and Herzegovina,BIH,2008,3.09119803439691
Bosnia and Herzegovina,BIH,2009,5.8712072518763
Bosnia and Herzegovina,BIH,2010,11.4217821753759
Bosnia and Herzegovina,BIH,2011,11.7997140822193
Bosnia and Herzegovina,BIH,2012,13.4656882284517
Bosnia and Herzegovina,BIH,2013,15.1198478740683
Bosnia and Herzegovina,BIH,2014,14.1653123764986
Bosnia and Herzegovina,BIH,2015,13.7084158662801
Bosnia and Herzegovina,BIH,2016,11.7777190845963
Bosnia and Herzegovina,BIH,2017,10.0462751524632
Bosnia and Herzegovina,BIH,2018,8.77033547967657
Bosnia and Herzegovina,BIH,2019,7.41165705829786
Bosnia and Herzegovina,BIH,2020,6.12240215634337
Bosnia and Herzegovina,BIH,2021,5.77886406049306
Bosnia and Herzegovina,BIH,2022,4.53846610334627
Bosnia and Herzegovina,BIH,2023,3.81728314596027
Bosnia and Herzegovina,BIH,2024,3.15224590018865
Belarus,BLR,2010,3.54880427143014
Belarus,BLR,2011,4.15959581162895
Belarus,BLR,2012,5.50187400609007
Belarus,BLR,2013,4.44733135755543
Belarus,BLR,2014,4.37130403366124
Belarus,BLR,2015,6.83494796382142
Belarus,BLR,2016,12.791174278387
Belarus,BLR,2017,12.8521944714263
Belarus,BLR,2018,5.01028623817549
Belarus,BLR,2019,4.62787813876965
Belarus,BLR,2020,4.82924273960355
Belarus,BLR,2021,5.29876920745631
Belarus,BLR,2022,4.90922057569428
Belarus,BLR,2023,5.04826148064429
Belarus,BLR,2024,2.97295771891541
Belarus,BLR,2025,2.22893230148668
Belize,BLZ,2017,5.97259756590607
Belize,BLZ,2018,6.47964166716173
Belize,BLZ,2019,5.08095676429897
Belize,BLZ,2020,6.53899076768011
Belize,BLZ,2021,3.91409090864828
Belize,BLZ,2022,4.88992948520089
Belize,BLZ,2023,3.94447522875082
Belize,BLZ,2024,3.13879350580091
Bolivia,BOL,2010,2.14098016078258
Bolivia,BOL,2011,1.64499555407419
Bolivia,BOL,2012,1.45359977173878
Bolivia,BOL,2013,1.48473224456688
Bolivia,BOL,2014,1.50237950472032
Bolivia,BOL,2015,1.4999286115373
Bolivia,BOL,2016,1.5769576006293
Bolivia,BOL,2017,1.70243077885889
Bolivia,BOL,2018,1.73167776169038
Bolivia,BOL,2019,1.86600368568284
Bolivia,BOL,2020,1.50757622452981
Bolivia,BOL,2021,1.54166114935142
Bolivia,BOL,2022,2.13317781172803
Bolivia,BOL,2023,2.85427150819813
Bolivia,BOL,2024,3.14423403670722
Brazil,BRA,2005,3.52553179140661
Brazil,BRA,2006,3.46066404520993
Brazil,BRA,2007,2.98260391267765
Brazil,BRA,2008,3.10639256827815
Brazil,BRA,2009,4.2149946970135
Brazil,BRA,2010,3.10772417173934
Brazil,BRA,2011,3.46686409051456
Brazil,BRA,2012,3.44682339262827
Brazil,BRA,2013,2.85728229301093
Brazil,BRA,2014,2.25174733022776
Brazil,BRA,2015,2.84649627717535
Brazil,BRA,2016,3.08157613195282
Brazil,BRA,2017,2.8789163660392
Brazil,BRA,2018,2.59786426236426
Brazil,BRA,2019,2.65554756569736
Brazil,BRA,2020,1.86754766697946
Brazil,BRA,2021,2.07937608671227
Brazil,BRA,2022,2.64123318576758
Brazil,BRA,2023,2.84264311217319
Brazil,BRA,2024,2.71543100107416
Brazil,BRA,2025,3.87755027454783
Barbados,BRB,2016,6.96400781501594
Barbados,BRB,2017,5.87943703817499
Barbados,BRB,2018,6.48249123880553
Barbados,BRB,2019,6.08104172360757
Barbados,BRB,2020,6.71477134227157
Barbados,BRB,2021,7.24350599907193
Barbados,BRB,2022,5.84432561996588
Brunei Darussalam,BRN,2010,6.86702975926534
Brunei Darussalam,BRN,2011,6.03201397638731
Brunei Darussalam,BRN,2012,5.37615761868223
Brunei Darussalam,BRN,2013,4.52530200889505
Brunei Darussalam,BRN,2014,3.85059424062381
Brunei Darussalam,BRN,2015,3.99835180405115
Brunei Darussalam,BRN,2016,4.7488988110068
Brunei Darussalam,BRN,2017,3.66101354771918
Brunei Darussalam,BRN,2018,3.92063262802426
Brunei Darussalam,BRN,2019,3.89949874723607
Brunei Darussalam,BRN,2020,3.8727769630135
Brunei Darussalam,BRN,2021,3.11444658852587
Brunei Darussalam,BRN,2022,2.81875346844338
Bhutan,BTN,2010,5.21442892752605
Bhutan,BTN,2011,3.92487971293095
Bhutan,BTN,2012,5.45153266771975
Bhutan,BTN,2013,6.97587050610785
Bhutan,BTN,2014,6.75453798371645
Bhutan,BTN,2015,6.60035135986288
Bhutan,BTN,2016,7.18904732657744
Bhutan,BTN,2017,8.42093855066563
Bhutan,BTN,2018,7.03307485407494
Bhutan,BTN,2019,8.45073446760821
Bhutan,BTN,2020,11.6947136976512
Bhutan,BTN,2021,6.73771086892548
Bhutan,BTN,2022,2.98322457252721
Bhutan,BTN,2023,2.37931186892763
Bhutan,BTN,2024,2.22229892645332
Botswana,BWA,2012,2.62060809323672
Botswana,BWA,2013,3.61343005876294
Botswana,BWA,2014,3.54945490277661
Botswana,BWA,2015,3.73435725456301
Botswana,BWA,2016,4.85264133334105
Botswana,BWA,2017,5.27690301416438
Botswana,BWA,2018,5.42631923935425
Botswana,BWA,2019,4.7879742073813
Botswana,BWA,2020,4.32343937171923
Botswana,BWA,2021,4.23890186153302
Botswana,BWA,2022,3.7521160274772
Botswana,BWA,2023,3.66840873939199
Botswana,BWA,2024,3.44461386537501
Botswana,BWA,2025,3.31703970994278
Central African Republic,CAF,2010,12.638013591562
Central African Republic,CAF,2011,11.9962582990471
Central African Republic,CAF,2012,9.58298323972936
Central African Republic,CAF,2013,28.5015872065165
Central African Republic,CAF,2014,27.6621674747739
Central African Republic,CAF,2015,31.2598192585033
Central African Republic,CAF,2016,26.2047010070135
Central African Republic,CAF,2017,25.1314932281845
Central African Republic,CAF,2018,17.6386369565086
Central African Republic,CAF,2019,16.0635781639282
Central African Republic,CAF,2020,17.4533882746522
Central African Republic,CAF,2021,13.9378377234442
Central African Republic,CAF,2022,14.510900682669
Central African Republic,CAF,2023,16.2214322902641
Canada,CAN,2005,0.499517649324799
Canada,CAN,2006,0.420325955427001
Canada,CAN,2007,0.431596614050766
Canada,CAN,2008,0.763250457412455
Canada,CAN,2009,1.2668705581618
Canada,CAN,2010,1.19245724160614
Canada,CAN,2011,0.844688790542747
Canada,CAN,2012,0.651152891186438
Canada,CAN,2013,0.574918196148752
Canada,CAN,2014,0.517878594833065
Canada,CAN,2015,0.516596294246743
Canada,CAN,2016,0.596050944805398
Canada,CAN,2017,0.449461039885322
Canada,CAN,2018,0.505214192405336
Canada,CAN,2019,0.503405461160356
Canada,CAN,2020,0.52681278365295
Canada,CAN,2021,0.376260029910392
Canada,CAN,2022,0.334331435857722
Canada,CAN,2023,0.454242517964679
Canada,CAN,2024,0.568690030721405
Canada,CAN,2025,0.706375799816991
Switzerland,CHE,2005,1.23094696053995
Switzerland,CHE,2006,0.907507444103247
Switzerland,CHE,2007,0.742070155737349
Switzerland,CHE,2008,0.886250842943545
Switzerland,CHE,2009,1.01055452256894
Switzerland,CHE,2010,0.84498358262328
Switzerland,CHE,2011,0.798863737604319
Switzerland,CHE,2012,0.764050251441169
Switzerland,CHE,2013,0.750862344440604
Switzerland,CHE,2014,0.702430455095102
Switzerland,CHE,2015,0.736258568730844
Switzerland,CHE,2016,0.72973105534565
Switzerland,CHE,2017,0.644092865487904
Switzerland,CHE,2018,0.668886023069019
Switzerland,CHE,2019,0.644681878171941
Switzerland,CHE,2020,0.754607674363497
Switzerland,CHE,2021,0.664684261351734
Switzerland,CHE,2022,0.685275122945014
Switzerland,CHE,2023,0.758483325820007
Switzerland,CHE,2024,0.829135649016558
Switzerland,CHE,2025,0.774440625350785
Chile,CHL,2001,1.61915877786992
Chile,CHL,2002,1.82299683787379
Chile,CHL,2003,1.63483787843427
Chile,CHL,2004,1.20249750508306
Chile,CHL,2005,0.905289363028411
Chile,CHL,2006,0.748131241077717
Chile,CHL,2007,0.750701584683205
Chile,CHL,2008,0.963982159718426
Chile,CHL,2009,2.87804131970691
Chile,CHL,2010,2.64236372125984
Chile,CHL,2011,2.29689810626242
Chile,CHL,2012,2.06521444417698
Chile,CHL,2013,1.95980657852684
Chile,CHL,2014,1.92055529368575
Chile,CHL,2015,1.71974445235598
Chile,CHL,2016,1.83263616219253
Chile,CHL,2017,1.91636250925282
Chile,CHL,2018,1.8720146209385
Chile,CHL,2019,2.05504919265993
Chile,CHL,2020,1.55298924761218
Chile,CHL,2021,1.22877234927757
Chile,CHL,2022,1.66548621052272
Chile,CHL,2023,2.10437903634883
Chile,CHL,2024,2.34248545083061
Chile,CHL,2025,2.39990391503787
China,CHN,2010,1.13237045139299
China,CHN,2011,0.961585528954036
China,CHN,2012,0.953674330051852
China,CHN,2013,0.999702805112438
China,CHN,2014,1.24873335628106
China,CHN,2015,1.67388016445151
China,CHN,2016,1.74447934478824
China,CHN,2017,1.74435460635256
China,CHN,2018,1.83294883223349
China,CHN,2019,1.86175485330958
China,CHN,2020,1.83961969163289
China,CHN,2021,1.72739169215062
China,CHN,2022,1.63239836873406
China,CHN,2023,1.59268926761592
China,CHN,2024,1.50455245481593
Cameroon,CMR,2010,10.1013484732753
Cameroon,CMR,2011,11.4467110822484
Cameroon,CMR,2012,11.5528007091671
Cameroon,CMR,2013,10.2953314100547
Cameroon,CMR,2014,9.7016869901582
Cameroon,CMR,2015,12.2970549521794
Cameroon,CMR,2016,13.5465466235614
Cameroon,CMR,2017,12.4270657402459
Cameroon,CMR,2018,14.8202941618677
Cameroon,CMR,2019,14.7062901414394
Cameroon,CMR,2020,15.7854866930612
Cameroon,CMR,2021,14.0710328363883
Cameroon,CMR,2022,13.0335434836112
Cameroon,CMR,2023,12.8860295558918
"Congo, Dem. Rep.",COD,2018,6.49461660400752
"Congo, Dem. Rep.",COD,2019,5.51099256747336
"Congo, Dem. Rep.",COD,2020,7.69644698682478
"Congo, Dem. Rep.",COD,2021,5.20175859787541
"Congo, Dem. Rep.",COD,2022,7.43429969657723
"Congo, Dem. Rep.",COD,2023,6.56280017814422
"Congo, Dem. Rep.",COD,2024,6.56787218163637
"Congo, Dem. Rep.",COD,2025,4.92280305546157
"Congo, Rep.",COG,2010,0.964372338705331
"Congo, Rep.",COG,2011,1.07808702532923
"Congo, Rep.",COG,2012,1.51931505916018
"Congo, Rep.",COG,2013,1.22487549179256
"Congo, Rep.",COG,2014,2.50606339593933
"Congo, Rep.",COG,2015,5.01373177844613
"Congo, Rep.",COG,2016,8.01816705884771
"Congo, Rep.",COG,2017,16.1856323709695
"Congo, Rep.",COG,2018,22.5082054469901
"Congo, Rep.",COG,2019,27.5398328198889
"Congo, Rep.",COG,2020,21.0468326170321
"Congo, Rep.",COG,2021,16.8549449073286
"Congo, Rep.",COG,2022,16.8267116551663
"Congo, Rep.",COG,2023,15.2215059695211
Colombia,COL,2005,2.74843383039405
Colombia,COL,2006,2.65981848339105
Colombia,COL,2007,3.22929327504344
Colombia,COL,2008,3.93217828600417
Colombia,COL,2009,4.01283835055224
Colombia,COL,2010,2.86337656354999
Colombia,COL,2011,2.49554384848147
Colombia,COL,2012,2.758458591123
Colombia,COL,2013,2.7753536292828
Colombia,COL,2014,2.91526084121936
Colombia,COL,2015,2.8476727881339
Colombia,COL,2016,3.12453653608401
Colombia,COL,2017,4.17978145473376
Colombia,COL,2018,3.42763699082024
Colombia,COL,2019,3.1496313020411
Colombia,COL,2020,3.67474893917792
Colombia,COL,2021,3.03403217872112
Colombia,COL,2022,2.46797285484092
Colombia,COL,2023,3.47221378199867
Colombia,COL,2024,3.5456435895985
Colombia,COL,2025,2.96467383509758
Comoros,COM,2010,14.2522175991688
Comoros,COM,2011,15.4459558185201
Comoros,COM,2012,17.3767230197489
Comoros,COM,2013,17.2332709662531
Comoros,COM,2014,18.6331963240828
Comoros,COM,2015,18.9342741452382
Comoros,COM,2016,19.8401026478642
Comoros,COM,2017,22.888871696943
Comoros,COM,2018,22.7941734157578
Comoros,COM,2019,20.9609350452186
Comoros,COM,2020,21.3611826623622
Comoros,COM,2021,16.1128963386522
Comoros,COM,2022,14.0994124979109
Costa Rica,CRI,2008,1.53566142380974
Costa Rica,CRI,2009,2.05989758950482
Costa Rica,CRI,2010,1.8552046455176
Costa Rica,CRI,2011,1.81687656526001
Costa Rica,CRI,2012,1.74515621736086
Costa Rica,CRI,2013,1.74861174964302
Costa Rica,CRI,2014,1.55295060069473
Costa Rica,CRI,2015,1.66417841493178
Costa Rica,CRI,2016,1.5532381338663
Costa Rica,CRI,2017,2.05328160465289
Costa Rica,CRI,2018,2.11773116690607
Costa Rica,CRI,2019,2.39529605631215
Costa Rica,CRI,2020,2.41359316382932
Costa Rica,CRI,2021,2.25766935021348
Costa Rica,CRI,2022,2.10881876900767
Costa Rica,CRI,2023,1.96397268266407
Costa Rica,CRI,2024,2.05999206142526
Costa Rica,CRI,2025,2.04943297195669
Curacao,CUW,2018,5.91086072611675
Curacao,CUW,2019,5.7962208163115
Curacao,CUW,2020,6.99961047658138
Curacao,CUW,2021,6.73366837663147
Curacao,CUW,2022,5.43582788722646
Curacao,CUW,2023,3.89139794372106
Curacao,CUW,2024,3.45079459943818
Cyprus,CYP,2008,3.59414947955595
Cyprus,CYP,2009,4.50936302926019
Cyprus,CYP,2010,5.82172259923197
Cyprus,CYP,2011,9.98623419964974
Cyprus,CYP,2012,18.3749456234795
Cyprus,CYP,2013,38.5570399026522
Cyprus,CYP,2014,44.972072758843
Cyprus,CYP,2015,47.7478457712877
Cyprus,CYP,2016,36.6991177413135
Cyprus,CYP,2017,31.3888946804868
Cyprus,CYP,2018,19.5205102196929
Cyprus,CYP,2019,17.093103648854
Cyprus,CYP,2020,15.0190835443793
Cyprus,CYP,2021,8.99828242700788
Cyprus,CYP,2022,7.65863990451331
Cyprus,CYP,2023,6.10873133673663
Cyprus,CYP,2024,4.1838443775525
Cyprus,CYP,2025,2.13493993731872
Czechia,CZE,2008,2.82387346236027
Czechia,CZE,2009,4.49075321988402
Czechia,CZE,2010,5.45823355942603
Czechia,CZE,2011,5.29287307900867
Czechia,CZE,2012,5.35167967265286
Czechia,CZE,2013,5.26338617282874
Czechia,CZE,2014,5.63910825786119
Czechia,CZE,2015,5.43997199514248
Czechia,CZE,2016,4.52193536660192
Czechia,CZE,2017,3.682523035196
Czechia,CZE,2018,3.09590989646024
Czechia,CZE,2019,1.69280340962664
Czechia,CZE,2020,1.91231094967573
Czechia,CZE,2021,1.702001479324
Czechia,CZE,2022,1.45546035998427
Czechia,CZE,2023,1.2057002207719
Czechia,CZE,2024,1.20447601450939
Czechia,CZE,2025,1.10736661930893
Germany,DEU,2022,1.23497612551347
Germany,DEU,2023,1.53513253215757
Germany,DEU,2024,1.77161339190265
Germany,DEU,2025,1.89057945686605
Djibouti,DJI,2012,11.5343664524884
Djibouti,DJI,2013,15.3368529632838
Djibouti,DJI,2014,18.1882419023322
Djibouti,DJI,2015,19.505193628606
Djibouti,DJI,2016,21.8038069641343
Djibouti,DJI,2017,16.1205891536372
Djibouti,DJI,2018,17.5905936014938
Djibouti,DJI,2019,15.3542458806425
Djibouti,DJI,2020,13.7525623797664
Djibouti,DJI,2021,9.06421208958311
Djibouti,DJI,2022,5.21484304127589
Djibouti,DJI,2023,4.00934221417559
Djibouti,DJI,2024,3.06946217107715
Dominica,DMA,2015,15.12089
Dominica,DMA,2016,14.450859
Dominica,DMA,2017,17.433797
Dominica,DMA,2018,17.016617
Dominica,DMA,2019,12.236643
Dominica,DMA,2020,15.0117248782228
Dominica,DMA,2021,15.6966940641669
Dominica,DMA,2022,13.7910383207701
Dominica,DMA,2023,12.897704
Dominica,DMA,2024,10.664206
Dominica,DMA,2025,8.918657
Denmark,DNK,2010,3.14128983598116
Denmark,DNK,2011,3.17151109207083
Denmark,DNK,2012,3.52577006791977
Denmark,DNK,2015,3.27824443112999
Denmark,DNK,2016,2.39322215927694
Denmark,DNK,2017,2.66864091851677
Denmark,DNK,2018,2.86631154285792
Denmark,DNK,2019,2.49653873908011
Denmark,DNK,2020,2.49822300851934
Denmark,DNK,2021,2.1529598550497
Denmark,DNK,2022,1.7967834579325
Denmark,DNK,2023,1.72247998134321
Denmark,DNK,2024,1.59792479375891
Denmark,DNK,2025,1.47148035932934
Dominican Republic,DOM,2017,1.90658655607119
Dominican Republic,DOM,2018,1.61766968855976
Dominican Republic,DOM,2019,1.54556853558721
Dominican Republic,DOM,2020,2.01137819865135
Dominican Republic,DOM,2021,1.30935520696937
Dominican Republic,DOM,2022,0.825504642179898
Dominican Republic,DOM,2023,0.929892935623627
Dominican Republic,DOM,2024,1.24662536501434
Dominican Republic,DOM,2025,1.72232347803749
Algeria,DZA,2009,21.1415508110567
Algeria,DZA,2010,18.3099999999999
Algeria,DZA,2011,14.3983059633083
Algeria,DZA,2012,11.7263814541695
Algeria,DZA,2013,10.5639712164988
Algeria,DZA,2014,9.9349604753277
Algeria,DZA,2015,9.76734535087823
Algeria,DZA,2016,12.0891590616386
Algeria,DZA,2017,12.9585022894491
Algeria,DZA,2018,12.6974012595365
Algeria,DZA,2019,14.7557610602629
Algeria,DZA,2020,16.3626239271064
Algeria,DZA,2021,19.6415989191125
Algeria,DZA,2022,19.8580536790798
Algeria,DZA,2023,20.8822355092816
Algeria,DZA,2024,20.6807801597915
Ecuador,ECU,2003,8.60329531245132
Ecuador,ECU,2004,6.57313325180524
Ecuador,ECU,2005,5.12207636867638
Ecuador,ECU,2006,3.96715372108971
Ecuador,ECU,2007,3.73938932677987
Ecuador,ECU,2008,3.46270685310385
Ecuador,ECU,2009,3.98952864129455
Ecuador,ECU,2010,3.17435628301061
Ecuador,ECU,2011,2.98883002457982
Ecuador,ECU,2012,3.73387908750774
Ecuador,ECU,2013,3.74911169117027
Ecuador,ECU,2014,3.85374981759959
Ecuador,ECU,2015,4.50148720694906
Ecuador,ECU,2016,4.18541726575774
Ecuador,ECU,2017,3.22680674472081
Ecuador,ECU,2018,2.83749397653478
Ecuador,ECU,2019,3.18055363881047
Ecuador,ECU,2020,3.25183007000788
Ecuador,ECU,2021,3.15093987493153
Ecuador,ECU,2022,3.15605064100262
Ecuador,ECU,2023,4.72096477321848
Ecuador,ECU,2024,4.81981805957318
Ecuador,ECU,2025,4.45196864610921
Spain,ESP,2012,5.71026349860103
Spain,ESP,2013,7.12373619141485
Spain,ESP,2014,6.38267849950904
Spain,ESP,2015,5.09174595659943
Spain,ESP,2016,4.71813279786194
Spain,ESP,2017,4.46120203086986
Spain,ESP,2018,3.68642493378734
Spain,ESP,2019,3.15282728174409
Spain,ESP,2020,2.85122667258746
Spain,ESP,2021,2.91575876060378
Spain,ESP,2022,3.06056772833899
Spain,ESP,2023,3.06080280402449
Spain,ESP,2024,2.86962940744037
Spain,ESP,2025,2.58441457912986
Estonia,EST,2008,1.94468477609779
Estonia,EST,2009,5.20231138473193
Estonia,EST,2010,5.37548640616724
Estonia,EST,2011,4.04580581090276
Estonia,EST,2012,2.62266859406296
Estonia,EST,2013,1.47462231497042
Estonia,EST,2014,1.38823609881307
Estonia,EST,2015,2.76894770314042
Estonia,EST,2016,2.17676369026511
Estonia,EST,2017,2.37887496554021
Estonia,EST,2018,1.55123999961087
Estonia,EST,2019,1.97424852159292
Estonia,EST,2020,1.64284699281483
Estonia,EST,2021,1.08679556479312
Estonia,EST,2022,0.801295827497158
Estonia,EST,2023,1.08370113079837
Estonia,EST,2024,1.19303529526688
Estonia,EST,2025,1.3323007633117
Ethiopia,ETH,2017,3.41286431945902
Ethiopia,ETH,2018,3.56052322049913
Ethiopia,ETH,2019,2.6717358210858
Ethiopia,ETH,2020,3.42977187734718
Ethiopia,ETH,2021,5.41485933762582
Finland,FIN,2007,0.226516077373677
Finland,FIN,2008,0.409453887918506
Finland,FIN,2009,0.569993828992429
Finland,FIN,2010,0.505748742041625
Finland,FIN,2011,0.456371196024311
Finland,FIN,2012,0.445132847109478
Finland,FIN,2013,0.440752731540527
Finland,FIN,2014,0.847591074961831
Finland,FIN,2015,0.932460830661029
Finland,FIN,2016,1.04758761475179
Finland,FIN,2017,0.726262368042779
Finland,FIN,2018,0.950566178824406
Finland,FIN,2019,1.5073192904517
Finland,FIN,2020,1.45017555342116
Finland,FIN,2021,1.47082760274416
Finland,FIN,2022,1.35188387148659
Finland,FIN,2023,1.28844729523889
Finland,FIN,2024,1.42702266101791
Finland,FIN,2025,1.4137101725177
Fiji,FJI,2005,3.68506394302508
Fiji,FJI,2006,2.45452534963199
Fiji,FJI,2007,5.68211734419274
Fiji,FJI,2008,3.13011678919177
Fiji,FJI,2009,3.74100549201087
Fiji,FJI,2010,4.37272928691285
Fiji,FJI,2011,3.85933735767356
Fiji,FJI,2012,4.18520747199108
Fiji,FJI,2013,2.68785970707065
Fiji,FJI,2014,2.15650347319848
Fiji,FJI,2015,1.44819136922412
Fiji,FJI,2016,2.23687311841103
Fiji,FJI,2017,2.4244606567932
Fiji,FJI,2018,3.08925674923103
Fiji,FJI,2019,3.83835127206916
Fiji,FJI,2020,6.21222696198206
Fiji,FJI,2021,8.48402866054706
France,FRA,2008,3.24235571721792
France,FRA,2009,4.58399416878333
France,FRA,2010,4.3272048253125
France,FRA,2011,4.89276263549823
France,FRA,2012,4.29452327369678
France,FRA,2013,4.49543407979547
France,FRA,2014,3.72567893768622
France,FRA,2015,3.52308121172511
France,FRA,2016,3.49852745916487
France,FRA,2017,2.85084082112562
France,FRA,2018,2.74917800998469
France,FRA,2019,2.51442386618475
France,FRA,2020,2.38440087259745
France,FRA,2021,2.16920501014489
France,FRA,2022,2.07810544079029
France,FRA,2023,2.06122418440948
France,FRA,2024,2.08727388951242
"Micronesia, Fed. Sts.",FSM,2013,0.777534006143045
"Micronesia, Fed. Sts.",FSM,2014,2.56326048046766
"Micronesia, Fed. Sts.",FSM,2015,0.498571865755381
"Micronesia, Fed. Sts.",FSM,2016,3.82528881991696
"Micronesia, Fed. Sts.",FSM,2017,1.41254383636287
"Micronesia, Fed. Sts.",FSM,2018,1.21329711550899
"Micronesia, Fed. Sts.",FSM,2019,1.24871104851487
"Micronesia, Fed. Sts.",FSM,2020,0.598856031427145
"Micronesia, Fed. Sts.",FSM,2021,1.27686472819216
"Micronesia, Fed. Sts.",FSM,2022,1.43017386427369
"Micronesia, Fed. Sts.",FSM,2023,1.72826281021246
"Micronesia, Fed. Sts.",FSM,2024,2.76659290697815
Gabon,GAB,2010,3.15900690596519
Gabon,GAB,2011,2.77845670058743
Gabon,GAB,2012,2.54980619434756
Gabon,GAB,2013,2.74240086893029
Gabon,GAB,2014,4.06703210187157
Gabon,GAB,2015,9.14167909664759
Gabon,GAB,2016,9.03294748434874
Gabon,GAB,2017,11.7976428473644
Gabon,GAB,2018,15.7296765322634
Gabon,GAB,2019,9.22897960246657
Gabon,GAB,2020,8.95723122279165
Gabon,GAB,2021,7.60742095202825
Gabon,GAB,2022,7.63650114773748
Gabon,GAB,2023,7.57502661808912
United Kingdom,GBR,2005,0.993470630559823
United Kingdom,GBR,2008,1.55697368984838
United Kingdom,GBR,2009,3.50865701820859
United Kingdom,GBR,2010,3.95483378788783
United Kingdom,GBR,2011,3.9618682056152
United Kingdom,GBR,2012,3.58628400773794
United Kingdom,GBR,2013,3.11174173873798
United Kingdom,GBR,2014,1.65439301070172
United Kingdom,GBR,2015,1.01449977058357
United Kingdom,GBR,2016,1.68729249856196
United Kingdom,GBR,2017,1.35973989613412
United Kingdom,GBR,2018,1.09642089877807
United Kingdom,GBR,2019,1.01809935045005
United Kingdom,GBR,2020,0.983324631099749
United Kingdom,GBR,2021,0.969313241835594
United Kingdom,GBR,2022,0.93919727879646
United Kingdom,GBR,2023,0.970314059008282
United Kingdom,GBR,2024,1.01582508527651
United Kingdom,GBR,2025,0.947525011481276
Georgia,GEO,2003,2.34319465597397
Georgia,GEO,2004,1.97156766439632
Georgia,GEO,2005,1.19432598058677
Georgia,GEO,2006,0.805882163646929
Georgia,GEO,2007,0.838418571196985
Georgia,GEO,2008,4.05808130517855
Georgia,GEO,2009,6.25544102917719
Georgia,GEO,2010,5.91968270460939
Georgia,GEO,2011,4.52600160107428
Georgia,GEO,2012,3.68025550193122
Georgia,GEO,2013,3.03171606579416
Georgia,GEO,2014,3.027064429527
Georgia,GEO,2015,2.7114511435798
Georgia,GEO,2016,3.44697501744778
Georgia,GEO,2017,2.77879996979284
Georgia,GEO,2018,2.67886834382406
Georgia,GEO,2019,1.92840956509861
Georgia,GEO,2020,2.26743833598588
Georgia,GEO,2021,1.87663102481131
Georgia,GEO,2022,1.51454798632001
Georgia,GEO,2023,2.51612400397744
Georgia,GEO,2024,2.52545522539037
Georgia,GEO,2025,2.54272382834601
Ghana,GHA,2008,7.67772566797717
Ghana,GHA,2009,16.200000013472
Ghana,GHA,2010,18.0818565043657
Ghana,GHA,2011,14.1459892948403
Ghana,GHA,2012,13.1966714743995
Ghana,GHA,2013,11.9989351569178
Ghana,GHA,2014,11.2691730269489
Ghana,GHA,2015,14.6736173400465
Ghana,GHA,2016,17.2944005721657
Ghana,GHA,2017,21.5912492157277
Ghana,GHA,2018,18.1871529944042
Ghana,GHA,2019,13.9419112610375
Ghana,GHA,2020,14.7938784472408
Ghana,GHA,2021,15.1166575274938
Ghana,GHA,2022,14.7948102065663
Ghana,GHA,2023,20.5784141422521
Ghana,GHA,2024,21.7917694428275
Ghana,GHA,2025,18.9178099466033
Guinea,GIN,2013,6.15496574519735
Guinea,GIN,2014,6.0139869114092
Guinea,GIN,2015,5.95327169818964
Guinea,GIN,2016,9.16641089773862
Guinea,GIN,2017,10.2871550968224
Guinea,GIN,2018,11.5442351963473
Guinea,GIN,2019,9.8643988957737
Guinea,GIN,2020,9.37924605122679
Guinea,GIN,2021,9.19338829511041
Guinea,GIN,2022,8.76123017221236
Guinea,GIN,2023,8.9092709671129
Guinea,GIN,2024,6.69011606207076
"Gambia, The",GMB,2005,12.5685109343527
"Gambia, The",GMB,2006,13.1872300249818
"Gambia, The",GMB,2007,10.4360871569687
"Gambia, The",GMB,2008,13.6753466789579
"Gambia, The",GMB,2009,12.309189801991
"Gambia, The",GMB,2010,14.5159542755099
"Gambia, The",GMB,2011,12.1459044470398
"Gambia, The",GMB,2012,12.0390048184338
"Gambia, The",GMB,2013,19.0704746911573
"Gambia, The",GMB,2014,7.22312243018901
"Gambia, The",GMB,2015,6.48607001106877
"Gambia, The",GMB,2016,9.32276053366426
"Gambia, The",GMB,2017,7.33747091958366
"Gambia, The",GMB,2018,3.15265862122247
"Gambia, The",GMB,2019,4.54670680816959
"Gambia, The",GMB,2020,6.43688937402732
"Gambia, The",GMB,2021,5.14850706712082
"Gambia, The",GMB,2022,4.55773796070112
Equatorial Guinea,GNQ,2010,4.72033072957954
Equatorial Guinea,GNQ,2011,4.41781877081119
Equatorial Guinea,GNQ,2012,5.76775100732085
Equatorial Guinea,GNQ,2013,20.1302259830138
Equatorial Guinea,GNQ,2014,19.7351789788204
Equatorial Guinea,GNQ,2015,17.6985743714901
Equatorial Guinea,GNQ,2016,25.0939937723464
Equatorial Guinea,GNQ,2017,27.5258097844518
Equatorial Guinea,GNQ,2018,36.9237925384333
Equatorial Guinea,GNQ,2019,49.0658298487693
Equatorial Guinea,GNQ,2020,52.2420807240481
Equatorial Guinea,GNQ,2021,55.0803396620946
Equatorial Guinea,GNQ,2022,55.4109645865667
Equatorial Guinea,GNQ,2023,31.1481310604313
Greece,GRC,2008,2.47019680774368
Greece,GRC,2009,3.77370944783239
Greece,GRC,2010,5.62295516381546
Greece,GRC,2011,9.19946087632774
Greece,GRC,2012,15.7182240298713
Greece,GRC,2013,27.8147390613921
Greece,GRC,2014,29.9945374662288
Greece,GRC,2015,35.7068688820244
Greece,GRC,2016,37.3561319650911
Greece,GRC,2017,45.966797966588
Greece,GRC,2018,43.3731858901073
Greece,GRC,2019,38.0724169271523
Greece,GRC,2020,30.8146791725641
Greece,GRC,2021,11.881332954805
Greece,GRC,2022,8.17432019475188
Greece,GRC,2023,5.95812847046635
Greece,GRC,2024,3.46297888111995
Greece,GRC,2025,2.95095543348819
Grenada,GRD,2015,9.950332
Grenada,GRD,2016,6.700865
Grenada,GRD,2017,3.906645
Grenada,GRD,2018,2.402814
Grenada,GRD,2019,2.202504
Grenada,GRD,2020,2.23632640932667
Grenada,GRD,2021,2.93784307856071
Grenada,GRD,2022,3.58316404502993
Grenada,GRD,2023,3.12926
Grenada,GRD,2024,2.630173
Grenada,GRD,2025,4.088062
Guatemala,GTM,2009,2.71061566979646
Guatemala,GTM,2010,2.11039674737653
Guatemala,GTM,2011,1.60613239480949
Guatemala,GTM,2012,1.34453970286514
Guatemala,GTM,2013,1.19312533153281
Guatemala,GTM,2014,1.28775491932621
Guatemala,GTM,2015,1.34732299472207
Guatemala,GTM,2016,2.05475436425969
Guatemala,GTM,2017,2.3239981630954
Guatemala,GTM,2018,2.17622104946275
Guatemala,GTM,2019,2.20127204363775
Guatemala,GTM,2020,1.83008750356037
Guatemala,GTM,2021,1.72976919973524
Guatemala,GTM,2022,1.25341986613831
Guatemala,GTM,2023,1.74956100410214
Guatemala,GTM,2024,2.47132618857166
Guatemala,GTM,2025,2.35050586000766
"Hong Kong SAR, China",HKG,2008,1.23
"Hong Kong SAR, China",HKG,2009,1.58
"Hong Kong SAR, China",HKG,2010,0.83
"Hong Kong SAR, China",HKG,2011,0.69
"Hong Kong SAR, China",HKG,2012,0.6
"Hong Kong SAR, China",HKG,2013,0.54
"Hong Kong SAR, China",HKG,2014,0.51
"Hong Kong SAR, China",HKG,2015,0.73
"Hong Kong SAR, China",HKG,2016,0.854318088546397
"Hong Kong SAR, China",HKG,2017,0.668925745235763
"Hong Kong SAR, China",HKG,2018,0.546970804225276
"Hong Kong SAR, China",HKG,2019,0.568032237016265
"Hong Kong SAR, China",HKG,2020,0.902373530647949
"Hong Kong SAR, China",HKG,2021,0.878169345365409
"Hong Kong SAR, China",HKG,2022,1.01785430019981
"Hong Kong SAR, China",HKG,2023,1.20273871538593
"Hong Kong SAR, China",HKG,2024,1.55962294621642
"Hong Kong SAR, China",HKG,2025,1.55578365269246
Honduras,HND,2010,3.66354687451701
Honduras,HND,2011,2.93741700834833
Honduras,HND,2012,3.28720316567911
Honduras,HND,2013,3.39335992951501
Honduras,HND,2014,3.27080240326134
Honduras,HND,2015,3.05632098417854
Honduras,HND,2016,3.12962195330448
Honduras,HND,2017,2.5276656805373
Honduras,HND,2018,2.27833348093559
Honduras,HND,2019,2.38151351234117
Honduras,HND,2020,3.2213205968353
Honduras,HND,2021,2.83011038699647
Honduras,HND,2022,2.37715462882431
Honduras,HND,2023,2.06176060223595
Honduras,HND,2024,2.27767985774351
Honduras,HND,2025,2.66539069512734
Croatia,HRV,2006,5.34245735688259
Croatia,HRV,2007,4.87864305198447
Croatia,HRV,2008,4.99056742440642
Croatia,HRV,2009,7.91941760061947
Croatia,HRV,2010,11.5855332193819
Croatia,HRV,2011,12.928961296036
Croatia,HRV,2012,14.5622704712966
Croatia,HRV,2013,16.7568120904943
Croatia,HRV,2014,18.4279034590926
Croatia,HRV,2015,18.1676735966228
Croatia,HRV,2016,15.0408591292296
Croatia,HRV,2017,12.1373945444084
Croatia,HRV,2018,10.413246017091
Croatia,HRV,2019,7.4112443440912
Croatia,HRV,2020,7.6286494941457
Croatia,HRV,2021,5.69923091645787
Croatia,HRV,2022,4.33106920944263
Croatia,HRV,2023,3.59717600090012
Croatia,HRV,2024,3.08344546122958
Croatia,HRV,2025,2.79754793404962
Hungary,HUN,2008,3.22977053583447
Hungary,HUN,2009,8.13169846349339
Hungary,HUN,2010,10.0371610997271
Hungary,HUN,2011,13.6774946903894
Hungary,HUN,2012,16.0428286233189
Hungary,HUN,2013,16.8257283651433
Hungary,HUN,2014,15.6215268130427
Hungary,HUN,2015,11.6631260334093
Hungary,HUN,2016,7.42356209737637
Hungary,HUN,2017,4.16778804339288
Hungary,HUN,2018,2.46529955892283
Hungary,HUN,2019,1.50911884316991
Hungary,HUN,2020,3.95320327433446
Hungary,HUN,2021,3.56827817202546
Hungary,HUN,2022,3.78954496110877
Hungary,HUN,2023,3.18825349284604
Hungary,HUN,2024,2.70846259412535
Hungary,HUN,2025,2.63390234723295
Indonesia,IDN,2005,6.25246820199785
Indonesia,IDN,2006,5.15545411942602
Indonesia,IDN,2007,3.6908592128651
Indonesia,IDN,2008,2.87020628006279
Indonesia,IDN,2009,2.89219586768056
Indonesia,IDN,2010,2.31233314887669
Indonesia,IDN,2011,2.00668094304847
Indonesia,IDN,2012,1.67598753441661
Indonesia,IDN,2013,1.60618085839081
Indonesia,IDN,2014,1.97494771279186
Indonesia,IDN,2015,2.31686319973562
Indonesia,IDN,2016,2.7748985519129
Indonesia,IDN,2017,2.44404843529866
Indonesia,IDN,2018,2.20579865068328
Indonesia,IDN,2019,2.33935750447439
Indonesia,IDN,2020,2.64268448647726
Indonesia,IDN,2021,2.64057088343297
Indonesia,IDN,2022,2.14649051618116
Indonesia,IDN,2023,1.95628264361571
Indonesia,IDN,2024,1.9378653282816
Indonesia,IDN,2025,1.91576331529028
India,IND,2005,4.4017855944882
India,IND,2008,2.44971206075607
India,IND,2011,2.67019501469286
India,IND,2012,3.37395391664123
India,IND,2013,4.0277286350163
India,IND,2014,4.34584976316208
India,IND,2015,5.88352227400691
India,IND,2016,9.18565591814956
India,IND,2017,9.97528206363178
India,IND,2018,9.46095691207991
India,IND,2019,9.23442899080833
India,IND,2020,7.93883072465331
India,IND,2021,6.54245582956179
India,IND,2022,4.81188454630947
India,IND,2023,3.35890319602042
India,IND,2024,2.50044366571028
India,IND,2025,2.06283569455848
Ireland,IRL,2005,0.48036674411629
Ireland,IRL,2006,0.534720753421794
Ireland,IRL,2007,0.629176742433281
Ireland,IRL,2008,1.92252115115214
Ireland,IRL,2009,9.79636660801069
Ireland,IRL,2010,12.4666710113594
Ireland,IRL,2011,16.1214680824703
Ireland,IRL,2012,21.311623175529
Ireland,IRL,2013,22.3727039607198
Ireland,IRL,2014,20.6488038220399
Ireland,IRL,2015,16.9137587763138
Ireland,IRL,2016,12.6269750146121
Ireland,IRL,2017,11.4589228987576
Ireland,IRL,2018,5.4568545690485
Ireland,IRL,2019,3.36383712525729
Ireland,IRL,2020,3.36142776920367
Ireland,IRL,2021,2.48214874701819
Ireland,IRL,2022,1.60747302300572
Ireland,IRL,2023,1.27071424651771
Ireland,IRL,2024,1.22765500955195
Iraq,IRQ,2015,9.01708883873133
Iraq,IRQ,2016,12.6888140404039
Iraq,IRQ,2017,14.8402137701319
Iraq,IRQ,2018,17.5475713444444
Iraq,IRQ,2019,16.1814499695754
Iraq,IRQ,2020,20.9715574138551
Iraq,IRQ,2021,18.4925334294474
Iraq,IRQ,2022,18.8458136272734
Iraq,IRQ,2023,14.66410619547
Iraq,IRQ,2024,16.5398134318878
Iceland,ISL,2015,5.85225689416537
Iceland,ISL,2016,4.12279811915939
Iceland,ISL,2017,2.8640995107245
Iceland,ISL,2018,2.51329639871644
Iceland,ISL,2019,2.92802451232259
Iceland,ISL,2020,2.90217036371758
Iceland,ISL,2021,2.06156567231269
Iceland,ISL,2022,1.39911577474254
Iceland,ISL,2023,1.57785500427557
Iceland,ISL,2024,2.02831641047984
Iceland,ISL,2025,1.56131397294323
Israel,ISR,2012,3.45440510625779
Israel,ISR,2013,2.90140768348366
Israel,ISR,2014,2.16639379251708
Israel,ISR,2015,1.8448062230203
Israel,ISR,2016,1.6065430145001
Israel,ISR,2017,1.29067074436065
Israel,ISR,2018,1.21092611547296
Israel,ISR,2019,1.38801645888401
Israel,ISR,2020,1.3749571925134
Israel,ISR,2021,1.05034256985074
Israel,ISR,2022,0.711449035516496
Israel,ISR,2023,0.971523456197714
Israel,ISR,2024,0.721349952547698
Italy,ITA,2005,6.99617313682385
Italy,ITA,2006,6.56811457626493
Italy,ITA,2007,5.7776082194137
Italy,ITA,2008,6.28258103994626
Italy,ITA,2009,9.44634373927879
Italy,ITA,2010,10.0278370674613
Italy,ITA,2011,11.7423491843706
Italy,ITA,2012,13.7463696406392
Italy,ITA,2013,16.5427056350995
Italy,ITA,2014,18.0330469839718
Italy,ITA,2015,18.064368830052
Italy,ITA,2016,17.1162385246124
Italy,ITA,2017,14.3832990405839
Italy,ITA,2018,8.38628316437891
Italy,ITA,2019,6.74918443535525
Italy,ITA,2020,4.35972073669911
Italy,ITA,2021,3.34809683915317
Italy,ITA,2022,2.79682283767597
Italy,ITA,2023,2.7140816371624
Italy,ITA,2024,2.7684931969344
Italy,ITA,2025,2.46119407878722
Jordan,JOR,2015,5.94308584863942
Jordan,JOR,2016,6.05077425280183
Jordan,JOR,2017,5.8128379824152
Jordan,JOR,2018,6.13811537990142
Jordan,JOR,2019,6.39996915255515
Jordan,JOR,2020,7.35555327380676
Jordan,JOR,2021,6.88453603146426
Jordan,JOR,2022,6.6438175929575
Jordan,JOR,2023,6.87127591284335
Jordan,JOR,2024,6.87176811886602
Japan,JPN,2010,2.45650253168859
Japan,JPN,2011,2.44741326110445
Japan,JPN,2012,2.42889160930217
Japan,JPN,2013,2.12909018123307
Japan,JPN,2014,1.74645633118206
Japan,JPN,2015,1.5335999587436
Japan,JPN,2016,1.39676981537012
Japan,JPN,2017,1.19184799909608
Japan,JPN,2018,1.07338670657475
Japan,JPN,2019,1.11143560418892
Japan,JPN,2020,1.13897924015799
Japan,JPN,2021,1.22751856952344
Japan,JPN,2022,1.23401036286557
Kazakhstan,KAZ,2008,7.08977471729689
Kazakhstan,KAZ,2009,18.9234054057107
Kazakhstan,KAZ,2010,20.9306236433774
Kazakhstan,KAZ,2011,20.6654679453398
Kazakhstan,KAZ,2012,19.3898666527902
Kazakhstan,KAZ,2013,19.470830795311
Kazakhstan,KAZ,2014,12.3921431661953
Kazakhstan,KAZ,2015,7.95254057239386
Kazakhstan,KAZ,2016,6.71835222170944
Kazakhstan,KAZ,2017,9.30976808361682
Kazakhstan,KAZ,2018,7.38538294911546
Kazakhstan,KAZ,2019,8.14263936186247
Kazakhstan,KAZ,2020,6.86844803177438
Kazakhstan,KAZ,2021,3.31830718143433
Kazakhstan,KAZ,2022,3.3586043316208
Kazakhstan,KAZ,2023,2.89155208307547
Kazakhstan,KAZ,2024,3.05312000131625
Kazakhstan,KAZ,2025,3.62529198795977
Kenya,KEN,2006,12.3362680888226
Kenya,KEN,2007,6.99345334721106
Kenya,KEN,2008,9.00441812157208
Kenya,KEN,2009,6.81558151397549
Kenya,KEN,2010,5.13264404953777
Kenya,KEN,2011,4.42119245549814
Kenya,KEN,2012,4.5909600696628
Kenya,KEN,2013,5.04358264592495
Kenya,KEN,2014,5.4551197240463
Kenya,KEN,2015,5.98876407362689
Kenya,KEN,2016,8.585968320752
Kenya,KEN,2017,9.94912828884013
Kenya,KEN,2018,12.0267293707535
Kenya,KEN,2019,9.74935514062437
Kenya,KEN,2020,11.8785758572124
Kenya,KEN,2021,10.8864625648839
Kenya,KEN,2022,10.7531101861729
Kenya,KEN,2023,12.3355513614636
Kenya,KEN,2024,13.5729761304392
Kyrgyz Republic,KGZ,2010,14.7757186410974
Kyrgyz Republic,KGZ,2011,9.39821221158703
Kyrgyz Republic,KGZ,2012,6.55111366918827
Kyrgyz Republic,KGZ,2013,5.09046603734622
Kyrgyz Republic,KGZ,2014,4.18259903121423
Kyrgyz Republic,KGZ,2015,6.74285924908889
Kyrgyz Republic,KGZ,2016,8.51774848332392
Kyrgyz Republic,KGZ,2017,7.36791636375828
Kyrgyz Republic,KGZ,2018,7.29695767112001
Kyrgyz Republic,KGZ,2019,7.73068414377394
Kyrgyz Republic,KGZ,2020,10.0935469076538
Kyrgyz Republic,KGZ,2021,10.8192081411845
Kyrgyz Republic,KGZ,2022,12.4551045388065
Kyrgyz Republic,KGZ,2023,8.92093336030227
Kyrgyz Republic,KGZ,2024,10.2630227772044
Kyrgyz Republic,KGZ,2025,10.057769139151
Cambodia,KHM,2010,3.14187854787212
Cambodia,KHM,2011,2.29438855572052
Cambodia,KHM,2012,2.22469008934458
Cambodia,KHM,2013,2.30267771735677
Cambodia,KHM,2014,1.62133907710753
Cambodia,KHM,2015,1.59273995602263
Cambodia,KHM,2016,2.1306306416218
Cambodia,KHM,2017,2.07247749965176
Cambodia,KHM,2018,1.9896209372896
Cambodia,KHM,2019,1.55383992990016
Cambodia,KHM,2020,1.81862542623632
Cambodia,KHM,2021,1.74496152207977
Cambodia,KHM,2022,2.71411100292445
Cambodia,KHM,2023,5.12511593075779
Cambodia,KHM,2024,6.56317584845802
St. Kitts and Nevis,KNA,2015,15.453843
St. Kitts and Nevis,KNA,2016,14.662231
St. Kitts and Nevis,KNA,2017,20.463462
St. Kitts and Nevis,KNA,2018,24.686561
St. Kitts and Nevis,KNA,2019,24.033904
St. Kitts and Nevis,KNA,2020,23.5274634670923
St. Kitts and Nevis,KNA,2021,20.9251440736711
St. Kitts and Nevis,KNA,2022,21.8308586426029
St. Kitts and Nevis,KNA,2023,19.416167
St. Kitts and Nevis,KNA,2024,17.653182
St. Kitts and Nevis,KNA,2025,15.831821
"Korea, Rep.",KOR,2009,0.584500588542435
"Korea, Rep.",KOR,2010,0.588001422921592
"Korea, Rep.",KOR,2011,0.484155586674748
"Korea, Rep.",KOR,2012,0.5942917985967
"Korea, Rep.",KOR,2013,0.570682157690436
"Korea, Rep.",KOR,2014,0.487829016283245
"Korea, Rep.",KOR,2015,0.45685901023489
"Korea, Rep.",KOR,2016,0.4692207914451
"Korea, Rep.",KOR,2017,0.352361433161397
"Korea, Rep.",KOR,2018,0.254435738088804
"Korea, Rep.",KOR,2019,0.251149391152259
"Korea, Rep.",KOR,2020,0.249044148161992
"Korea, Rep.",KOR,2021,0.233334670386676
"Korea, Rep.",KOR,2022,0.24216660171932
"Korea, Rep.",KOR,2023,0.263676055649087
Kuwait,KWT,2007,3.84787598771217
Kuwait,KWT,2008,6.80464776292383
Kuwait,KWT,2009,11.461453798379
Kuwait,KWT,2010,8.95258546965769
Kuwait,KWT,2011,6.98424741091625
Kuwait,KWT,2012,5.19116857201251
Kuwait,KWT,2013,3.64034786311307
Kuwait,KWT,2014,2.89041261906889
Kuwait,KWT,2015,2.371720288643
Kuwait,KWT,2016,2.22496479931359
Kuwait,KWT,2017,1.94939026221768
Kuwait,KWT,2018,1.62349995163983
Kuwait,KWT,2019,1.77656821835007
Kuwait,KWT,2020,2.0074652483311
Kuwait,KWT,2021,1.35921924143798
Kuwait,KWT,2022,1.41104352584751
Kuwait,KWT,2023,1.42363947712583
Kuwait,KWT,2024,1.53571132275835
Kuwait,KWT,2025,1.39809991865149
Lebanon,LBN,2011,3.75693478858307
Lebanon,LBN,2012,3.78697531989083
Lebanon,LBN,2013,3.9655306434989
Lebanon,LBN,2014,4.0080407149345
Lebanon,LBN,2015,4.19528483569965
Lebanon,LBN,2016,4.87908375643174
Lebanon,LBN,2017,5.66619233797732
Lebanon,LBN,2018,10.2547809247156
Lebanon,LBN,2019,15.1937984496124
St. Lucia,LCA,2015,18.196449
St. Lucia,LCA,2016,13.124621
St. Lucia,LCA,2017,12.504233
St. Lucia,LCA,2018,10.030191
St. Lucia,LCA,2019,8.23746
St. Lucia,LCA,2020,10.3808535880125
St. Lucia,LCA,2021,12.6356917212961
St. Lucia,LCA,2022,12.7629800054953
St. Lucia,LCA,2023,14.485452
St. Lucia,LCA,2024,11.928931
St. Lucia,LCA,2025,8.511319
Liechtenstein,LIE,2020,0.442236956704594
Liechtenstein,LIE,2021,0.395946576671038
Liechtenstein,LIE,2022,0.442327369241435
Liechtenstein,LIE,2023,0.387510113756084
Liechtenstein,LIE,2024,0.42729028746281
Sri Lanka,LKA,2011,3.81740370617271
Sri Lanka,LKA,2012,3.62758332957378
Sri Lanka,LKA,2013,5.57505794057582
Sri Lanka,LKA,2014,4.23421449884782
Sri Lanka,LKA,2015,3.24077029740187
Sri Lanka,LKA,2016,2.63381101624579
Sri Lanka,LKA,2017,2.4984326063791
Sri Lanka,LKA,2018,3.42041976161882
Sri Lanka,LKA,2019,4.69918303381587
Sri Lanka,LKA,2020,4.92827495911881
Sri Lanka,LKA,2021,4.46720885923597
Sri Lanka,LKA,2022,11.9682691812072
Sri Lanka,LKA,2023,13.1079211175582
Sri Lanka,LKA,2024,12.9605592286262
Sri Lanka,LKA,2025,9.87219855823573
Lesotho,LSO,2009,3.01980961547002
Lesotho,LSO,2010,3.03446782401745
Lesotho,LSO,2011,2.09514427558554
Lesotho,LSO,2012,2.46477296166822
Lesotho,LSO,2013,3.78801708370063
Lesotho,LSO,2014,4.22925606627
Lesotho,LSO,2015,4.03779220172475
Lesotho,LSO,2016,3.6944118773996
Lesotho,LSO,2017,4.41640017238617
Lesotho,LSO,2018,3.66046491384932
Lesotho,LSO,2019,3.29905737050076
Lesotho,LSO,2020,4.19908433746563
Lesotho,LSO,2021,4.0651657668099
Lesotho,LSO,2022,4.31173023499466
Lesotho,LSO,2023,3.83883392253685
Lesotho,LSO,2024,4.26842885370838
Lithuania,LTU,2008,5.99478858924429
Lithuania,LTU,2009,22.139788743842
Lithuania,LTU,2010,21.3129447476113
Lithuania,LTU,2011,17.640278387371
Lithuania,LTU,2012,14.1140616832463
Lithuania,LTU,2013,11.5860323295318
Lithuania,LTU,2014,8.18604941139039
Lithuania,LTU,2015,4.94956913376007
Lithuania,LTU,2016,3.66064619634648
Lithuania,LTU,2017,3.17709584415855
Lithuania,LTU,2018,2.27014872045055
Lithuania,LTU,2019,1.04438547521426
Lithuania,LTU,2020,0.969155211537949
Lithuania,LTU,2021,0.510408710751456
Lithuania,LTU,2022,0.395781798037311
Lithuania,LTU,2023,0.438033614482931
Lithuania,LTU,2024,0.858429507757201
Lithuania,LTU,2025,0.793561208116726
Luxembourg,LUX,2009,0.670613945190373
Luxembourg,LUX,2010,0.247232603084001
Luxembourg,LUX,2011,0.379416485489735
Luxembourg,LUX,2012,0.145588493246798
Luxembourg,LUX,2013,0.21316440756553
Luxembourg,LUX,2016,0.904844283559195
Luxembourg,LUX,2017,0.791204996244051
Luxembourg,LUX,2018,0.896966330444118
Luxembourg,LUX,2019,0.738897535704604
Luxembourg,LUX,2020,1.02804099898325
Luxembourg,LUX,2021,1.25487767534596
Luxembourg,LUX,2022,1.58802284953163
Luxembourg,LUX,2023,1.86074359634703
Luxembourg,LUX,2024,2.32000506236889
Luxembourg,LUX,2025,2.23332352559745
Latvia,LVA,2011,14.0547877289945
Latvia,LVA,2012,8.7237859152224
Latvia,LVA,2013,6.40704045152059
Latvia,LVA,2014,4.59775813860822
Latvia,LVA,2015,4.64467819332291
Latvia,LVA,2016,6.25574429476529
Latvia,LVA,2017,5.50697759974227
Latvia,LVA,2018,5.28840202667788
Latvia,LVA,2019,5.00157140027425
Latvia,LVA,2020,3.09137577308036
Latvia,LVA,2021,2.47301429041714
Latvia,LVA,2022,2.28796782873968
Latvia,LVA,2023,2.4334303280295
Latvia,LVA,2024,2.37819060027119
Latvia,LVA,2025,2.47279932832053
"Macao SAR, China",MAC,2010,0.393130048679922
"Macao SAR, China",MAC,2011,0.344719585672998
"Macao SAR, China",MAC,2012,0.187259446456941
"Macao SAR, China",MAC,2013,0.0923353115576881
"Macao SAR, China",MAC,2014,0.118444607476519
"Macao SAR, China",MAC,2015,0.119843705534916
"Macao SAR, China",MAC,2016,0.195618683773704
"Macao SAR, China",MAC,2017,0.227486975366638
"Macao SAR, China",MAC,2018,0.217152000015563
"Macao SAR, China",MAC,2019,0.239743350610203
"Macao SAR, China",MAC,2020,0.347551535467047
"Macao SAR, China",MAC,2021,0.651560726498019
"Macao SAR, China",MAC,2022,1.50402875691477
"Macao SAR, China",MAC,2023,3.55097281177298
"Macao SAR, China",MAC,2024,5.16913145320136
"Macao SAR, China",MAC,2025,4.434469591481
Morocco,MAR,2011,5.44855241763618
Morocco,MAR,2012,5.74656037615339
Morocco,MAR,2013,6.62387078084964
Morocco,MAR,2014,7.26696282330555
Morocco,MAR,2015,7.67129786194117
Morocco,MAR,2016,8.07938649012445
Morocco,MAR,2017,7.60581163179934
Morocco,MAR,2018,7.72518485920519
Morocco,MAR,2019,7.86756194132143
Morocco,MAR,2020,8.79376526247322
Morocco,MAR,2021,9.05863022934855
Morocco,MAR,2022,8.68360679573923
Morocco,MAR,2023,8.48309408041805
Morocco,MAR,2024,8.18776433111185
Monaco,MCO,2010,0.393130048679923
Monaco,MCO,2011,0.344719585672998
Monaco,MCO,2012,0.187259446456941
Monaco,MCO,2013,0.0923353115576881
Monaco,MCO,2014,0.118444607476519
Monaco,MCO,2015,0.119843705534916
Monaco,MCO,2016,0.195618683773704
Monaco,MCO,2017,0.227486975366639
Monaco,MCO,2018,0.217152000015563
Monaco,MCO,2019,0.239742734729696
Moldova,MDA,2009,16.388686779902
Moldova,MDA,2010,13.3375805604831
Moldova,MDA,2011,10.6758881878265
Moldova,MDA,2012,14.4995942986054
Moldova,MDA,2013,11.5773748871241
Moldova,MDA,2014,11.7289639558726
Moldova,MDA,2015,9.91786681707727
Moldova,MDA,2016,16.4051517258091
Moldova,MDA,2017,18.2468257499406
Moldova,MDA,2018,12.4916886374528
Moldova,MDA,2019,8.49630682504005
Moldova,MDA,2020,7.37754096553308
Moldova,MDA,2021,6.12732657064783
Moldova,MDA,2022,6.44258507306679
Moldova,MDA,2023,5.55507507352677
Moldova,MDA,2024,4.16227166187258
Moldova,MDA,2025,4.17378918370904
Madagascar,MDG,2005,7.60792563429991
Madagascar,MDG,2006,6.35707583676167
Madagascar,MDG,2007,7.38090894155114
Madagascar,MDG,2008,7.17687229470659
Madagascar,MDG,2009,8.79419882422574
Madagascar,MDG,2010,10.0217242777645
Madagascar,MDG,2011,11.8198387546377
Madagascar,MDG,2012,11.5651094798492
Madagascar,MDG,2013,12.1838467083235
Madagascar,MDG,2014,10.2928305449884
Madagascar,MDG,2015,9.30747379475236
Madagascar,MDG,2016,8.82195768112054
Madagascar,MDG,2017,8.14393907254576
Madagascar,MDG,2018,7.62316707853898
Madagascar,MDG,2019,7.34701649162119
Madagascar,MDG,2020,8.46460927886255
Madagascar,MDG,2021,9.1098835950125
Madagascar,MDG,2022,8.02382724671767
Madagascar,MDG,2023,7.73785091249538
Madagascar,MDG,2024,7.62714332387396
Maldives,MDV,2012,20.9246965468261
Maldives,MDV,2013,17.217700885709
Maldives,MDV,2014,17.4741516990976
Maldives,MDV,2015,12.8840040665686
Maldives,MDV,2016,11.7714828257264
Maldives,MDV,2017,10.6639121664259
Maldives,MDV,2018,11.5608554379335
Maldives,MDV,2019,11.6270773650661
Maldives,MDV,2020,18.7957458088981
Maldives,MDV,2021,12.5877843282695
Maldives,MDV,2022,9.40629274725968
Maldives,MDV,2023,8.3382491192651
Maldives,MDV,2024,5.89230350322209
Maldives,MDV,2025,5.69448806178256
Mexico,MEX,2005,1.81638248738847
Mexico,MEX,2006,1.9944212361405
Mexico,MEX,2007,2.5413127799359
Mexico,MEX,2008,3.20802543521284
Mexico,MEX,2009,3.06903578149086
Mexico,MEX,2010,2.32838597424659
Mexico,MEX,2011,2.44685147061431
Mexico,MEX,2012,2.52922017747362
Mexico,MEX,2013,3.36157018477857
Mexico,MEX,2014,3.13402337702184
Mexico,MEX,2015,2.6044102180781
Mexico,MEX,2016,2.14676314546594
Mexico,MEX,2017,2.14605834181442
Mexico,MEX,2018,2.1077378613675
Mexico,MEX,2019,2.20172618969779
Mexico,MEX,2020,2.56401799892127
Mexico,MEX,2021,2.04852607538267
Mexico,MEX,2022,2.08482456008447
Mexico,MEX,2023,2.07732748969618
Mexico,MEX,2024,2.01603884670162
Mexico,MEX,2025,2.17060951477006
North Macedonia,MKD,2005,14.8928467760632
North Macedonia,MKD,2006,11.2137062334098
North Macedonia,MKD,2007,7.51448842858048
North Macedonia,MKD,2008,6.7146262287809
North Macedonia,MKD,2009,8.93736962216569
North Macedonia,MKD,2010,9.04070956501971
North Macedonia,MKD,2011,9.52269121137581
North Macedonia,MKD,2012,10.1123971304148
North Macedonia,MKD,2013,10.9395684304262
North Macedonia,MKD,2014,10.8059133941613
North Macedonia,MKD,2015,10.3144498806433
North Macedonia,MKD,2016,6.28661409822794
North Macedonia,MKD,2017,6.09844460015566
North Macedonia,MKD,2018,5.03609299230043
North Macedonia,MKD,2019,4.62471134653537
North Macedonia,MKD,2020,3.26129559130556
North Macedonia,MKD,2021,3.13085707013006
North Macedonia,MKD,2022,2.79003002094012
North Macedonia,MKD,2023,2.66786768882009
North Macedonia,MKD,2024,2.59408148305809
North Macedonia,MKD,2025,1.93987071192671
Malta,MLT,2005,8.20906380726336
Malta,MLT,2006,6.47013971237756
Malta,MLT,2007,5.31015886166558
Malta,MLT,2008,5.01177403541517
Malta,MLT,2009,5.78360747367995
Malta,MLT,2010,7.01547424164958
Malta,MLT,2011,7.08872097300829
Malta,MLT,2012,7.75197194482716
Malta,MLT,2013,8.94793807670442
Malta,MLT,2014,9.04960051895584
Malta,MLT,2015,7.09795110848623
Malta,MLT,2016,5.29469189649342
Malta,MLT,2017,4.06994769176585
Malta,MLT,2018,3.35528926091018
Malta,MLT,2019,3.20817921458462
Malta,MLT,2020,3.66282402946949
Malta,MLT,2021,5.01907175675442
Malta,MLT,2022,3.50025710935779
Malta,MLT,2023,3.16232941607222
Malta,MLT,2024,2.6207739600973
Malta,MLT,2025,2.01161500981684
Montenegro,MNE,2006,2.88924830799956
Montenegro,MNE,2007,3.20083686790681
Montenegro,MNE,2008,7.27535879705032
Montenegro,MNE,2009,13.5504391510384
Montenegro,MNE,2010,20.9294667304236
Montenegro,MNE,2011,15.2910548471521
Montenegro,MNE,2012,17.3025070519201
Montenegro,MNE,2013,20.3084823035392
Montenegro,MNE,2014,18.586564885194
Montenegro,MNE,2015,14.5783594660381
Montenegro,MNE,2016,11.3543726339919
Montenegro,MNE,2017,8.29218459497308
Montenegro,MNE,2018,7.35703476750051
Montenegro,MNE,2019,5.09141597966812
Montenegro,MNE,2020,5.86676708666653
Montenegro,MNE,2021,6.82507816356755
Montenegro,MNE,2022,6.32764292350479
Montenegro,MNE,2023,5.77896086081471
Montenegro,MNE,2024,4.09458349761055
Montenegro,MNE,2025,3.04485317844466
Mongolia,MNG,2016,7.00650557635114
Mongolia,MNG,2017,6.41581802917556
Mongolia,MNG,2018,5.07708742972024
Mongolia,MNG,2019,6.22967380542563
Mongolia,MNG,2020,10.3231979771492
Mongolia,MNG,2021,7.05558232209611
Mongolia,MNG,2022,6.15213467696961
Mongolia,MNG,2023,5.08073602028948
Mongolia,MNG,2024,3.5242368802381
Mongolia,MNG,2025,3.45152155327228
Mozambique,MOZ,2013,2.66177705858123
Mozambique,MOZ,2014,3.24436675637472
Mozambique,MOZ,2015,4.30632739093896
Mozambique,MOZ,2016,5.7261126057554
Mozambique,MOZ,2017,12.6350461122505
Mozambique,MOZ,2018,11.1183361707449
Mozambique,MOZ,2019,10.158228049363
Mozambique,MOZ,2020,9.82505980059785
Mozambique,MOZ,2021,10.6046068968098
Mozambique,MOZ,2022,8.96909285332576
Mozambique,MOZ,2023,8.23376666272939
Mozambique,MOZ,2024,9.21044102553736
Mozambique,MOZ,2025,7.47133365512432
Mauritius,MUS,2009,3.29242857718552
Mauritius,MUS,2010,2.76498233309994
Mauritius,MUS,2011,2.80757714682396
Mauritius,MUS,2012,3.63707898309436
Mauritius,MUS,2013,4.15037241131951
Mauritius,MUS,2014,4.91975055211583
Mauritius,MUS,2015,7.19532078019471
Mauritius,MUS,2016,7.75660164983682
Mauritius,MUS,2017,7.02947039391439
Mauritius,MUS,2018,6.52130440486034
Mauritius,MUS,2019,4.94032133508388
Mauritius,MUS,2020,6.2057092378954
Mauritius,MUS,2021,5.82385034444982
Mauritius,MUS,2022,4.91605345189016
Mauritius,MUS,2023,5.30661571969999
Mauritius,MUS,2024,3.68704225875131
Mauritius,MUS,2025,3.45050562999324
Malawi,MWI,2015,7.27171165156155
Malawi,MWI,2016,10.299580328591
Malawi,MWI,2017,8.55433317223974
Malawi,MWI,2018,2.8284352702654
Malawi,MWI,2019,5.06307752763414
Malawi,MWI,2020,5.42544696371903
Malawi,MWI,2021,3.70996162437447
Malawi,MWI,2022,5.51987474313756
Malawi,MWI,2023,5.09546372435375
Malaysia,MYS,2005,9.3902395222525
Malaysia,MYS,2006,8.49559864909982
Malaysia,MYS,2007,6.49881057815871
Malaysia,MYS,2008,4.8081809717361
Malaysia,MYS,2009,3.62656549307932
Malaysia,MYS,2010,3.35402670735157
Malaysia,MYS,2011,2.6813903080324
Malaysia,MYS,2012,2.01584311320695
Malaysia,MYS,2013,1.84914657141207
Malaysia,MYS,2014,1.64578545979142
Malaysia,MYS,2015,1.60682828804839
Malaysia,MYS,2016,1.61426825593083
Malaysia,MYS,2017,1.54918722685231
Malaysia,MYS,2018,1.46819096481044
Malaysia,MYS,2019,1.51612089778373
Malaysia,MYS,2020,1.56712671073386
Malaysia,MYS,2021,1.67512094984982
Malaysia,MYS,2022,1.71862466561031
Malaysia,MYS,2023,1.65317552035746
Malaysia,MYS,2024,1.4445175031204
Malaysia,MYS,2025,1.36970902816722
Namibia,NAM,2010,1.96472728293439
Namibia,NAM,2011,1.48634926915199
Namibia,NAM,2012,1.33735163605377
Namibia,NAM,2013,1.28556138254878
Namibia,NAM,2014,1.45334082435894
Namibia,NAM,2015,1.55169543390496
Namibia,NAM,2016,1.54454922408711
Namibia,NAM,2017,2.58557259811033
Namibia,NAM,2018,3.57917290160729
Namibia,NAM,2019,4.56492485771411
Namibia,NAM,2020,6.39332297719082
Namibia,NAM,2021,6.37483934737456
Namibia,NAM,2022,5.51723321566671
Namibia,NAM,2023,5.79376872969596
Namibia,NAM,2024,5.5685704855442
Namibia,NAM,2025,4.32393749312321
Nigeria,NGA,2007,9.50262123548539
Nigeria,NGA,2008,7.19359013817041
Nigeria,NGA,2009,37.2532872694236
Nigeria,NGA,2010,20.1430996066243
Nigeria,NGA,2011,5.77162860434221
Nigeria,NGA,2012,3.70522490674831
Nigeria,NGA,2013,3.3933911762251
Nigeria,NGA,2014,2.96313378497792
Nigeria,NGA,2015,4.8608855617133
Nigeria,NGA,2016,12.8150641172053
Nigeria,NGA,2017,14.8096296761859
Nigeria,NGA,2018,11.6745261102871
Nigeria,NGA,2019,6.03472340059304
Nigeria,NGA,2020,6.02451546227795
Nigeria,NGA,2021,4.9337915227091
Nigeria,NGA,2022,4.01492747084237
Nigeria,NGA,2023,4.38335469502686
Nigeria,NGA,2024,4.87490030321718
Nigeria,NGA,2025,8.12161806320881
Nicaragua,NIC,2008,2.46770774737078
Nicaragua,NIC,2009,2.54935039632588
Nicaragua,NIC,2010,2.04404090102813
Nicaragua,NIC,2011,1.91366489104209
Nicaragua,NIC,2012,1.88139597722178
Nicaragua,NIC,2013,1.97868298750604
Nicaragua,NIC,2014,0.997774216883436
Nicaragua,NIC,2015,0.885556331578598
Nicaragua,NIC,2016,0.860695208457363
Nicaragua,NIC,2017,1.03939161148378
Nicaragua,NIC,2018,2.42627992263709
Nicaragua,NIC,2019,3.11052796954537
Nicaragua,NIC,2020,3.70984157800203
Nicaragua,NIC,2021,2.45216200951347
Nicaragua,NIC,2022,1.54170667438453
Nicaragua,NIC,2023,1.54355438319507
Nicaragua,NIC,2024,1.2433642775144
Nicaragua,NIC,2025,1.03689813360064
Netherlands,NLD,2008,1.68139773681757
Netherlands,NLD,2009,3.20168767980185
Netherlands,NLD,2010,2.83234869790715
Netherlands,NLD,2011,2.71087690835902
Netherlands,NLD,2012,3.09784428543665
Netherlands,NLD,2013,3.22716888618911
Netherlands,NLD,2014,2.98266215275663
Netherlands,NLD,2015,2.71198466589928
Netherlands,NLD,2016,2.54052744825368
Netherlands,NLD,2017,2.30542707664559
Netherlands,NLD,2018,1.95988149570236
Netherlands,NLD,2019,1.83446077218657
Netherlands,NLD,2020,1.87864539454561
Netherlands,NLD,2021,1.72417915273341
Netherlands,NLD,2022,1.60064591800168
Netherlands,NLD,2023,1.55160063687098
Netherlands,NLD,2024,1.63696844977663
Netherlands,NLD,2025,1.4402786631221
Norway,NOR,2009,1.27871052608886
Norway,NOR,2010,1.51981365217833
Norway,NOR,2011,1.68434907314772
Norway,NOR,2012,1.51215755076448
Norway,NOR,2013,1.33872670729875
Norway,NOR,2014,1.13088790719265
Norway,NOR,2015,1.0533756114736
Norway,NOR,2016,1.18473037859688
Norway,NOR,2017,1.00040357973015
Norway,NOR,2018,0.746427849824662
Norway,NOR,2019,0.801131694159603
Norway,NOR,2020,0.736074194281787
Norway,NOR,2021,0.525489505428338
Norway,NOR,2022,0.272360168200376
Norway,NOR,2023,0.375146721887061
Norway,NOR,2024,0.460629010542218
Norway,NOR,2025,0.448877297874308
Nepal,NPL,2016,1.68433659406825
Nepal,NPL,2017,1.69908552229354
Nepal,NPL,2018,1.56237839101568
Nepal,NPL,2019,1.661035901516
Nepal,NPL,2020,1.67721669787425
Nepal,NPL,2021,1.15668047969578
Nepal,NPL,2022,2.44418427205124
Nepal,NPL,2023,3.77535420144652
Nepal,NPL,2024,4.63597142993056
Nepal,NPL,2025,5.15351145694385
Pakistan,PAK,2013,12.9868868262
Pakistan,PAK,2014,12.265792482412
Pakistan,PAK,2015,11.3588840793988
Pakistan,PAK,2016,10.0558429338189
Pakistan,PAK,2017,8.42948949057021
Pakistan,PAK,2018,7.97371472046651
Pakistan,PAK,2019,8.58202379960379
Pakistan,PAK,2020,9.18579121790451
Pakistan,PAK,2021,7.88790949084099
Pakistan,PAK,2022,6.5448477708157
Pakistan,PAK,2023,6.6275019888851
Pakistan,PAK,2024,5.74855628982702
Pakistan,PAK,2025,5.36039727750282
Panama,PAN,2005,2.88254665467289
Panama,PAN,2006,2.67255289685215
Panama,PAN,2007,2.81778395706692
Panama,PAN,2008,3.00612509186528
Panama,PAN,2009,3.3117694577091
Panama,PAN,2010,2.64687924224151
Panama,PAN,2011,2.13990013428624
Panama,PAN,2012,1.9549438761613
Panama,PAN,2013,1.8729647331777
Panama,PAN,2014,2.20714175759565
Panama,PAN,2015,2.19550451794881
Panama,PAN,2016,2.51764775642036
Panama,PAN,2017,3.05130465121153
Panama,PAN,2018,3.25831853198357
Panama,PAN,2019,1.9552265288917
Panama,PAN,2020,2.01340176207336
Panama,PAN,2021,2.25280070223067
Panama,PAN,2022,2.53133936340955
Panama,PAN,2023,2.56931692949525
Panama,PAN,2024,2.37293281218116
Panama,PAN,2025,2.38797586562765
Peru,PER,2010,1.86763486280351
Peru,PER,2011,1.83888954526962
Peru,PER,2012,2.16669888688339
Peru,PER,2013,2.52532864724646
Peru,PER,2014,2.86635234019297
Peru,PER,2015,2.82627141447332
Peru,PER,2016,3.03691673128784
Peru,PER,2017,3.26099813127161
Peru,PER,2018,3.27104963481758
Peru,PER,2019,3.36599445858728
Peru,PER,2020,4.12760856551142
Peru,PER,2021,3.90874696659241
Peru,PER,2022,4.1165128325684
Peru,PER,2023,4.48043564056431
Peru,PER,2024,3.99027241122428
Philippines,PHL,2009,3.46095790428878
Philippines,PHL,2010,3.34951747323682
Philippines,PHL,2011,2.52887904557002
Philippines,PHL,2012,2.20068041783045
Philippines,PHL,2013,2.44086452225224
Philippines,PHL,2014,2.02468665436273
Philippines,PHL,2015,1.88547820763549
Philippines,PHL,2016,1.71584803855675
Philippines,PHL,2017,1.5793111524775
Philippines,PHL,2018,1.67363606149179
Philippines,PHL,2019,1.97428417462378
Philippines,PHL,2020,3.53246213156459
Philippines,PHL,2021,3.95540769439997
Philippines,PHL,2022,3.13384020777967
Philippines,PHL,2023,3.18581223118339
Philippines,PHL,2024,3.1976702517554
Philippines,PHL,2025,3.01861585862953
Papua New Guinea,PNG,2008,1.77774462673172
Papua New Guinea,PNG,2009,2.02365300059617
Papua New Guinea,PNG,2010,1.91657120024141
Papua New Guinea,PNG,2011,2.08309528155411
Papua New Guinea,PNG,2012,2.15851766654297
Papua New Guinea,PNG,2013,1.79854386150578
Papua New Guinea,PNG,2014,2.09047784392733
Papua New Guinea,PNG,2015,3.0812991544216
Papua New Guinea,PNG,2016,2.49975083446666
Papua New Guinea,PNG,2017,2.76818100498897
Papua New Guinea,PNG,2018,3.73018824140234
Papua New Guinea,PNG,2019,3.78623688418196
Papua New Guinea,PNG,2020,5.32612574594665
Papua New Guinea,PNG,2021,6.15624522091609
Papua New Guinea,PNG,2022,4.78350416832427
Papua New Guinea,PNG,2023,5.41890192594108
Poland,POL,2008,2.82208199288244
Poland,POL,2009,4.08301602290229
Poland,POL,2010,4.70497582133692
Poland,POL,2011,4.53797781890378
Poland,POL,2012,4.92137936955479
Poland,POL,2013,4.79348889261062
Poland,POL,2014,4.61948181975494
Poland,POL,2015,4.16510529138445
Poland,POL,2016,3.93108996669006
Poland,POL,2017,3.83219672759303
Poland,POL,2018,3.86657827897154
Poland,POL,2019,3.81150994513216
Poland,POL,2020,3.71722963023515
Poland,POL,2021,2.85023106835434
Poland,POL,2022,2.43227662321668
Poland,POL,2023,2.32399482814849
Poland,POL,2024,1.78153481819135
Poland,POL,2025,1.59098477098429
Portugal,PRT,2007,2.402987475193
Portugal,PRT,2008,3.20857811603958
Portugal,PRT,2009,4.47774053191898
Portugal,PRT,2010,4.81369446409075
Portugal,PRT,2011,6.58524987406531
Portugal,PRT,2012,8.47930510282067
Portugal,PRT,2013,9.56475761795516
Portugal,PRT,2014,10.8840579283017
Portugal,PRT,2015,17.6784152469731
Portugal,PRT,2016,17.2783688162153
Portugal,PRT,2017,14.1599573187475
Portugal,PRT,2018,10.1876415339655
Portugal,PRT,2019,6.78401726884444
Portugal,PRT,2020,5.60342554555474
Portugal,PRT,2021,4.57897942169444
Portugal,PRT,2022,3.6191746300687
Portugal,PRT,2023,3.13622776694512
Portugal,PRT,2024,2.79903801270908
Portugal,PRT,2025,2.34411977689431
Paraguay,PRY,2005,6.33264116001512
Paraguay,PRY,2006,3.61939916991482
Paraguay,PRY,2007,1.71544749456709
Paraguay,PRY,2008,1.45181945755594
Paraguay,PRY,2009,1.78003061458852
Paraguay,PRY,2010,1.40108769489389
Paraguay,PRY,2011,1.83523658940738
Paraguay,PRY,2012,2.20384579352775
Paraguay,PRY,2013,2.11861395253394
Paraguay,PRY,2014,1.97311796838353
Paraguay,PRY,2015,2.59062284109355
Paraguay,PRY,2016,2.941294421463
Paraguay,PRY,2017,2.81149859231848
Paraguay,PRY,2018,2.51201792418916
Paraguay,PRY,2019,2.55783203788198
Paraguay,PRY,2020,2.40998045807585
Paraguay,PRY,2021,2.27497152681095
Paraguay,PRY,2022,2.9386713078192
Paraguay,PRY,2023,3.01257810747373
Paraguay,PRY,2024,2.27373991973218
Paraguay,PRY,2025,2.21663998569446
West Bank and Gaza,PSE,2008,8.16375020057626
West Bank and Gaza,PSE,2009,4.11916461386065
West Bank and Gaza,PSE,2010,3.06818623299833
West Bank and Gaza,PSE,2011,2.76420847054838
West Bank and Gaza,PSE,2012,3.0769175753146
West Bank and Gaza,PSE,2013,2.88247142261907
West Bank and Gaza,PSE,2014,2.54111369062262
West Bank and Gaza,PSE,2015,2.14279238837218
West Bank and Gaza,PSE,2016,2.17901822396472
West Bank and Gaza,PSE,2017,2.31775341068148
West Bank and Gaza,PSE,2018,3.04108365364652
West Bank and Gaza,PSE,2019,4.111398726013
West Bank and Gaza,PSE,2020,4.23551043671952
West Bank and Gaza,PSE,2021,3.06038545958319
West Bank and Gaza,PSE,2022,3.24787375179428
West Bank and Gaza,PSE,2023,3.41872677629682
Romania,ROU,2007,2.58539372816182
Romania,ROU,2008,2.74650265367714
Romania,ROU,2009,7.89184425906007
Romania,ROU,2010,11.8538634983106
Romania,ROU,2011,14.3279565951415
Romania,ROU,2012,18.2374449705832
Romania,ROU,2013,21.872974775198
Romania,ROU,2014,13.9376956709832
Romania,ROU,2015,16.1343770279822
Romania,ROU,2016,11.3821126641511
Romania,ROU,2017,7.6552442828254
Romania,ROU,2018,5.59069140441419
Romania,ROU,2019,4.70370876212337
Romania,ROU,2020,4.52148801977923
Romania,ROU,2021,3.86600747872832
Romania,ROU,2022,3.04351613618208
Romania,ROU,2023,2.90081433195069
Romania,ROU,2024,2.84615726921326
Romania,ROU,2025,3.10895440478614
Russian Federation,RUS,2008,3.81172366116837
Russian Federation,RUS,2009,9.58055783170298
Russian Federation,RUS,2010,8.30661167313489
Russian Federation,RUS,2011,6.62814262110441
Russian Federation,RUS,2012,6.05937220678027
Russian Federation,RUS,2013,6.01730651081845
Russian Federation,RUS,2014,6.81325840246744
Russian Federation,RUS,2015,8.37596711898549
Russian Federation,RUS,2016,9.24076995498894
Russian Federation,RUS,2017,9.65589344602211
Russian Federation,RUS,2018,9.74675740899047
Russian Federation,RUS,2019,8.82848632528604
Russian Federation,RUS,2020,8.16184118410632
Russian Federation,RUS,2021,6.10135444843519
Russian Federation,RUS,2022,5.50983446091328
Russian Federation,RUS,2023,4.50692606999785
Rwanda,RWA,2008,10.6190849328518
Rwanda,RWA,2009,9.32328577526061
Rwanda,RWA,2010,8.06311329277669
Rwanda,RWA,2011,6.18036484427646
Rwanda,RWA,2012,6.36788135427598
Rwanda,RWA,2013,6.05632087194988
Rwanda,RWA,2014,5.22347933148057
Rwanda,RWA,2015,5.90612714724264
Rwanda,RWA,2016,7.08391549135575
Rwanda,RWA,2017,7.2249358724129
Rwanda,RWA,2018,4.50860787734397
Rwanda,RWA,2019,4.03178162490704
Rwanda,RWA,2020,4.3246107437271
Rwanda,RWA,2021,5.38712290624539
Rwanda,RWA,2022,3.70368041864365
Rwanda,RWA,2023,4.6428027275821
Rwanda,RWA,2024,4.18430963986442
Saudi Arabia,SAU,2009,3.28697148338663
Saudi Arabia,SAU,2010,2.96818471895202
Saudi Arabia,SAU,2011,2.22411986474196
Saudi Arabia,SAU,2012,1.6697936801687
Saudi Arabia,SAU,2013,1.30683882837442
Saudi Arabia,SAU,2014,1.08033805274768
Saudi Arabia,SAU,2015,1.23698687005172
Saudi Arabia,SAU,2016,1.38335895995773
Saudi Arabia,SAU,2017,1.61364907195792
Saudi Arabia,SAU,2018,1.95231785727138
Saudi Arabia,SAU,2019,1.85839038526168
Saudi Arabia,SAU,2020,2.21159921239074
Saudi Arabia,SAU,2021,1.86810170169937
Saudi Arabia,SAU,2022,1.80253047265234
Saudi Arabia,SAU,2023,1.51347587802945
Saudi Arabia,SAU,2024,1.24535587233852
Saudi Arabia,SAU,2025,1.03781619190087
Singapore,SGP,2008,1.42549965541006
Singapore,SGP,2009,2.03438434173328
Singapore,SGP,2010,1.40635425755787
Singapore,SGP,2011,1.06045560853893
Singapore,SGP,2012,1.04262808908742
Singapore,SGP,2013,0.866941606339939
Singapore,SGP,2014,0.756532862271537
Singapore,SGP,2015,0.92406290512104
Singapore,SGP,2016,1.22253307180161
Singapore,SGP,2017,1.40020092664899
Singapore,SGP,2018,1.30951785160199
Singapore,SGP,2019,1.30642223339991
Solomon Islands,SLB,2010,9.27355570762363
Solomon Islands,SLB,2011,5.72832384196683
Solomon Islands,SLB,2012,3.57433837836801
Solomon Islands,SLB,2013,7.02695775360135
Solomon Islands,SLB,2014,4.68455869216179
Solomon Islands,SLB,2015,4.13158152400068
Solomon Islands,SLB,2016,3.8430068325085
Solomon Islands,SLB,2017,6.36399930775807
Solomon Islands,SLB,2018,7.11590121991795
Solomon Islands,SLB,2019,10.4015387469366
Solomon Islands,SLB,2020,10.7374556115609
Solomon Islands,SLB,2021,10.4324537749556
Solomon Islands,SLB,2022,9.50994217337096
Solomon Islands,SLB,2023,9.38547972649274
Solomon Islands,SLB,2024,11.5562977075058
El Salvador,SLV,2008,2.73861425286399
El Salvador,SLV,2009,3.59769335441226
El Salvador,SLV,2010,3.82773614018999
El Salvador,SLV,2011,3.44620551979269
El Salvador,SLV,2012,2.82635637565409
El Salvador,SLV,2013,2.29198045695359
El Salvador,SLV,2014,2.30744934932199
El Salvador,SLV,2015,2.2540984821962
El Salvador,SLV,2016,1.9684661443707
El Salvador,SLV,2017,1.89419432594822
El Salvador,SLV,2018,1.84617175476304
El Salvador,SLV,2019,1.72062907242908
El Salvador,SLV,2020,1.5706679061413
El Salvador,SLV,2021,1.82876964140841
El Salvador,SLV,2022,1.80255600088238
El Salvador,SLV,2023,1.77470500100184
El Salvador,SLV,2024,1.70975218161488
San Marino,SMR,2009,6.9026825183015
San Marino,SMR,2010,11.9223384451581
San Marino,SMR,2011,34.5595714508245
San Marino,SMR,2012,20.3323421684588
San Marino,SMR,2013,42.3009858312382
San Marino,SMR,2014,43.1158491357151
San Marino,SMR,2015,49.1057251543942
San Marino,SMR,2016,47.0769880777697
San Marino,SMR,2017,51.6024118815224
San Marino,SMR,2018,50.6671225487337
San Marino,SMR,2019,58.9301560480268
San Marino,SMR,2020,61.1160411121776
San Marino,SMR,2021,58.9618327392133
San Marino,SMR,2022,53.136388835916
San Marino,SMR,2023,21.0458157340059
San Marino,SMR,2024,16.8682350087403
San Marino,SMR,2025,14.7963136173482
"Somalia, Fed. Rep.",SOM,2018,1.64952305586339
"Somalia, Fed. Rep.",SOM,2019,4.23573281598442
"Somalia, Fed. Rep.",SOM,2020,3.47079434250694
"Somalia, Fed. Rep.",SOM,2021,2.32250827107724
"Somalia, Fed. Rep.",SOM,2022,1.76552816050369
"Somalia, Fed. Rep.",SOM,2023,2.26632125393185
"Somalia, Fed. Rep.",SOM,2024,2.69173727183634
"Somalia, Fed. Rep.",SOM,2025,2.64509995058635
Sao Tome and Principe,STP,2024,10.0215704099397
Sao Tome and Principe,STP,2025,4.81182401319498
Slovak Republic,SVK,2005,5.03102650551527
Slovak Republic,SVK,2008,2.32821565494644
Slovak Republic,SVK,2009,4.7879499759385
Slovak Republic,SVK,2010,5.36854918034667
Slovak Republic,SVK,2011,5.30571463582037
Slovak Republic,SVK,2012,5.15691742164664
Slovak Republic,SVK,2013,5.15521654499404
Slovak Republic,SVK,2014,5.2026408246472
Slovak Republic,SVK,2015,4.70929220260797
Slovak Republic,SVK,2016,4.34557691876759
Slovak Republic,SVK,2017,3.62697846954924
Slovak Republic,SVK,2018,3.11539804225055
Slovak Republic,SVK,2019,2.95897371585083
Slovak Republic,SVK,2020,2.56788614282869
Slovak Republic,SVK,2021,2.1170420643996
Slovak Republic,SVK,2022,1.85551077468373
Slovak Republic,SVK,2023,1.99250796599292
Slovak Republic,SVK,2024,1.92175510012188
Slovak Republic,SVK,2025,1.95030474255233
Slovenia,SVN,2008,4.21574658021237
Slovenia,SVN,2009,5.79123054219475
Slovenia,SVN,2010,8.21418388709017
Slovenia,SVN,2011,11.8140213880629
Slovenia,SVN,2012,15.1800772229365
Slovenia,SVN,2013,13.3118940728928
Slovenia,SVN,2014,11.7319347333408
Slovenia,SVN,2015,9.96211515631996
Slovenia,SVN,2016,5.07141393661737
Slovenia,SVN,2017,3.20363588164703
Slovenia,SVN,2018,6.00921749143581
Slovenia,SVN,2019,3.364772691154
Slovenia,SVN,2020,3.01762967051171
Slovenia,SVN,2021,2.0551823830108
Slovenia,SVN,2022,1.75022880209529
Slovenia,SVN,2023,1.5154631696917
Slovenia,SVN,2024,1.64627596187691
Slovenia,SVN,2025,2.3749312149854
Sweden,SWE,2016,1.06459067890898
Sweden,SWE,2017,1.11978084734838
Sweden,SWE,2018,0.494908669779694
Sweden,SWE,2019,0.581325196187855
Sweden,SWE,2020,0.513361451406936
Sweden,SWE,2021,0.417650657609338
Sweden,SWE,2022,0.304298366340019
Sweden,SWE,2023,0.381163170019899
Sweden,SWE,2024,0.506332050543119
Sweden,SWE,2025,0.425543790611083
Eswatini,SWZ,2009,5.86910175632252
Eswatini,SWZ,2010,7.8074135254831
Eswatini,SWZ,2011,3.5272700795754
Eswatini,SWZ,2012,10.6707564994314
Eswatini,SWZ,2013,6.79342240618838
Eswatini,SWZ,2014,6.87068790595697
Eswatini,SWZ,2015,6.63027167224261
Eswatini,SWZ,2016,9.62105068496717
Eswatini,SWZ,2017,7.91683451676682
Eswatini,SWZ,2018,9.3155186631086
Eswatini,SWZ,2019,9.4459371017568
Eswatini,SWZ,2020,5.38253524565833
Eswatini,SWZ,2021,9.55164658087609
Eswatini,SWZ,2022,6.65323861949401
Eswatini,SWZ,2023,6.86940333741661
Eswatini,SWZ,2024,7.58748394715965
Eswatini,SWZ,2025,6.73910998438809
Sint Maarten (Dutch part),SXM,2018,13.8929146756362
Sint Maarten (Dutch part),SXM,2019,9.9788285195452
Sint Maarten (Dutch part),SXM,2020,12.3138019402199
Sint Maarten (Dutch part),SXM,2021,9.97782479266266
Sint Maarten (Dutch part),SXM,2022,11.2029122250993
Seychelles,SYC,2010,5.46606365904674
Seychelles,SYC,2011,8.12277931492634
Seychelles,SYC,2012,9.00887174900835
Seychelles,SYC,2013,9.22005332216967
Seychelles,SYC,2014,7.98987998096582
Seychelles,SYC,2015,7.58752425543803
Seychelles,SYC,2016,6.56670348327213
Seychelles,SYC,2017,6.10831682277961
Seychelles,SYC,2018,3.33021344152957
Seychelles,SYC,2019,2.6239448827366
Seychelles,SYC,2020,3.17929979216732
Seychelles,SYC,2021,5.30459954724465
Seychelles,SYC,2022,7.39746171563241
Seychelles,SYC,2023,7.90395170965171
Seychelles,SYC,2024,5.39281336910827
Seychelles,SYC,2025,4.70525905298028
Chad,TCD,2010,9.91927521923457
Chad,TCD,2011,7.6476971168983
Chad,TCD,2012,7.37392810431258
Chad,TCD,2013,9.77718144818641
Chad,TCD,2014,11.7377638896695
Chad,TCD,2015,18.7635385132862
Chad,TCD,2016,22.893831824127
Chad,TCD,2017,27.9113491340018
Chad,TCD,2018,31.0692826779947
Chad,TCD,2019,26.0285295860898
Chad,TCD,2020,27.7172963248522
Chad,TCD,2021,26.0716487994699
Chad,TCD,2022,27.7035489488032
Chad,TCD,2023,31.5108722767164
Thailand,THA,2006,7.76759647374961
Thailand,THA,2007,7.59844455870216
Thailand,THA,2008,5.59879211346276
Thailand,THA,2009,5.22061861150824
Thailand,THA,2010,3.88785784505743
Thailand,THA,2011,2.93261853635558
Thailand,THA,2012,2.43018679665442
Thailand,THA,2013,2.30382713124504
Thailand,THA,2014,2.305232984074
Thailand,THA,2015,2.68283086735209
Thailand,THA,2016,2.98569607594999
Thailand,THA,2017,3.07080207643183
Thailand,THA,2018,3.0839449162558
Thailand,THA,2019,3.13027182387348
Thailand,THA,2020,3.23248100828431
Thailand,THA,2021,3.10718391598902
Thailand,THA,2022,2.84397655094515
Thailand,THA,2023,2.7575864291698
Thailand,THA,2024,2.8154168013744
Tajikistan,TJK,2010,6.08782854089517
Tajikistan,TJK,2011,5.05854780225549
Tajikistan,TJK,2012,5.99506688381505
Tajikistan,TJK,2013,8.27382585661298
Tajikistan,TJK,2014,19.8486775882401
Tajikistan,TJK,2015,26.2569938097746
Tajikistan,TJK,2016,47.5958495651832
Tajikistan,TJK,2017,36.5052970282406
Tajikistan,TJK,2018,31.1178674044007
Tajikistan,TJK,2019,26.9555451538116
Tajikistan,TJK,2020,23.8270235145523
Tajikistan,TJK,2021,13.6547196765819
Tonga,TON,2012,14.3731796444657
Tonga,TON,2013,10.6057193507606
Tonga,TON,2014,10.4781361324885
Tonga,TON,2015,7.71220540333397
Tonga,TON,2016,4.29691693462224
Tonga,TON,2017,3.68327094992368
Tonga,TON,2018,3.47050237673211
Tonga,TON,2019,3.10579584895944
Tonga,TON,2020,3.60217512627458
Tonga,TON,2021,3.49666295766886
Tonga,TON,2022,8.26126966134644
Tonga,TON,2023,11.6377552381714
Tonga,TON,2024,13.7602448815668
Tonga,TON,2025,13.4710354462458
Trinidad and Tobago,TTO,2008,2.44876270077795
Trinidad and Tobago,TTO,2009,4.91725080263949
Trinidad and Tobago,TTO,2010,6.02218150304495
Trinidad and Tobago,TTO,2011,6.11059822833409
Trinidad and Tobago,TTO,2012,5.27066330339674
Trinidad and Tobago,TTO,2013,4.15049070347689
Trinidad and Tobago,TTO,2014,4.03333887320168
Trinidad and Tobago,TTO,2015,3.38908071606843
Trinidad and Tobago,TTO,2016,3.10918007575296
Trinidad and Tobago,TTO,2017,2.86026494299577
Trinidad and Tobago,TTO,2018,3.03023645857573
Trinidad and Tobago,TTO,2019,2.89566197238883
Trinidad and Tobago,TTO,2020,3.19617382600748
Trinidad and Tobago,TTO,2021,3.22912895640994
Trinidad and Tobago,TTO,2022,3.09343020938296
Trinidad and Tobago,TTO,2023,2.79665804544483
Trinidad and Tobago,TTO,2024,2.84520569588401
Turkiye,TUR,2005,4.31589850311115
Turkiye,TUR,2006,3.58098683705456
Turkiye,TUR,2007,3.3213977793724
Turkiye,TUR,2008,3.44167340058132
Turkiye,TUR,2009,4.96997625418198
Turkiye,TUR,2010,3.48959158482402
Turkiye,TUR,2011,2.57632211204451
Turkiye,TUR,2012,2.7433675978872
Turkiye,TUR,2013,2.63627102630173
Turkiye,TUR,2014,2.74183131997442
Turkiye,TUR,2015,2.98772329214313
Turkiye,TUR,2016,3.10968373133546
Turkiye,TUR,2017,2.84271365893526
Turkiye,TUR,2018,3.68690904641213
Turkiye,TUR,2019,5.0229492930967
Turkiye,TUR,2020,3.8900924404522
Turkiye,TUR,2021,2.97599400811766
Turkiye,TUR,2022,1.97901752159552
Turkiye,TUR,2023,1.48012751953029
Turkiye,TUR,2024,1.6536819200798
Tanzania,TZA,2010,7.84376122521316
Tanzania,TZA,2011,5.39637230168725
Tanzania,TZA,2012,6.4018854955144
Tanzania,TZA,2013,5.11514486567446
Tanzania,TZA,2014,6.58398471153914
Tanzania,TZA,2015,8.5825026988656
Tanzania,TZA,2016,9.60809945919416
Tanzania,TZA,2017,12.4845780313064
Tanzania,TZA,2018,9.9300907937924
Tanzania,TZA,2019,9.61371669561269
Tanzania,TZA,2020,8.69677193421736
Tanzania,TZA,2021,7.63089352247962
Tanzania,TZA,2022,5.33950979837503
Tanzania,TZA,2023,4.19231066082799
Tanzania,TZA,2024,3.05520310253012
Tanzania,TZA,2025,2.47519986356198
Uganda,UGA,2005,1.50718421954579
Uganda,UGA,2006,1.96057557646524
Uganda,UGA,2007,2.84782536822429
Uganda,UGA,2008,1.67879906162916
Uganda,UGA,2009,3.34137304710695
Uganda,UGA,2010,1.86158193519678
Uganda,UGA,2011,2.0389512630627
Uganda,UGA,2012,4.05584907416987
Uganda,UGA,2013,5.97464019247973
Uganda,UGA,2014,4.05305145439071
Uganda,UGA,2015,5.1269555308933
Uganda,UGA,2016,10.4013107515952
Uganda,UGA,2017,5.44570853608703
Uganda,UGA,2018,3.32061335019615
Uganda,UGA,2019,4.55501095819166
Uganda,UGA,2020,5.34171405117954
Uganda,UGA,2021,5.32198953283005
Uganda,UGA,2022,5.09502348431099
Uganda,UGA,2023,4.49675369389608
Uganda,UGA,2024,3.86130570776028
Ukraine,UKR,2005,57.9897716519798
Ukraine,UKR,2006,59.7566320355279
Ukraine,UKR,2007,48.1183737206673
Ukraine,UKR,2008,3.88384823823554
Ukraine,UKR,2009,13.6977713199854
Ukraine,UKR,2010,15.2665117708455
Ukraine,UKR,2011,14.7322884259186
Ukraine,UKR,2012,20.3740677541987
Ukraine,UKR,2013,16.3528524705884
Ukraine,UKR,2014,23.32072094246
Ukraine,UKR,2015,35.3852494023723
Ukraine,UKR,2016,38.9524888709753
Ukraine,UKR,2017,54.8232758416852
Ukraine,UKR,2018,54.4100172630313
Ukraine,UKR,2019,50.5258505757218
Ukraine,UKR,2020,43.4686522704986
Ukraine,UKR,2021,31.7178311337651
Ukraine,UKR,2022,38.1191801712499
Ukraine,UKR,2023,37.3513584049094
Ukraine,UKR,2024,30.2882706427491
Ukraine,UKR,2025,13.9224851112778
Uruguay,URY,2015,1.61881565597063
Uruguay,URY,2016,2.44690921031637
Uruguay,URY,2017,2.65871523841494
Uruguay,URY,2018,2.82306730581331
Uruguay,URY,2019,2.55080285634812
Uruguay,URY,2020,2.33577120791948
Uruguay,URY,2021,1.32633570785667
Uruguay,URY,2022,1.38667637075011
Uruguay,URY,2023,1.6507725638992
Uruguay,URY,2024,1.52254317648406
United States,USA,2009,4.95990413551278
United States,USA,2010,4.38774309355535
United States,USA,2011,3.78150447341426
United States,USA,2012,3.31729162388854
United States,USA,2013,2.45239118205518
United States,USA,2014,1.85071180176898
United States,USA,2015,1.47342654705219
United States,USA,2016,1.32052217577727
United States,USA,2017,1.12682415706513
United States,USA,2018,0.913161529735837
United States,USA,2019,0.855251960083455
United States,USA,2020,1.06536914566418
United States,USA,2021,0.813464699477564
United States,USA,2022,0.71607362746051
United States,USA,2023,0.846592385960373
United States,USA,2024,0.972922460845953
United States,USA,2025,0.960307384017485
Uzbekistan,UZB,2010,0.965131048293637
Uzbekistan,UZB,2011,0.709190155100445
Uzbekistan,UZB,2012,3.05328353123232
Uzbekistan,UZB,2013,2.81670032876534
Uzbekistan,UZB,2014,2.09687034766165
Uzbekistan,UZB,2015,1.46241461373232
Uzbekistan,UZB,2016,0.744086678772422
Uzbekistan,UZB,2017,1.19780753069295
Uzbekistan,UZB,2018,1.27871644313014
Uzbekistan,UZB,2019,1.47850042070038
Uzbekistan,UZB,2020,2.06065321360246
Uzbekistan,UZB,2021,5.13022516204468
Uzbekistan,UZB,2022,3.53227061739394
Uzbekistan,UZB,2023,3.45445449013674
Uzbekistan,UZB,2024,3.88791727639684
St. Vincent and the Grenadines,VCT,2015,8.653232
St. Vincent and the Grenadines,VCT,2016,9.531349
St. Vincent and the Grenadines,VCT,2017,8.173337
St. Vincent and the Grenadines,VCT,2018,6.476606
St. Vincent and the Grenadines,VCT,2019,6.423136
St. Vincent and the Grenadines,VCT,2020,7.38275314065035
St. Vincent and the Grenadines,VCT,2021,7.83357109578419
St. Vincent and the Grenadines,VCT,2022,10.1239914738193
St. Vincent and the Grenadines,VCT,2023,8.125208
St. Vincent and the Grenadines,VCT,2024,5.792836
St. Vincent and the Grenadines,VCT,2025,4.479416
Viet Nam,VNM,2008,2.15099820496032
Viet Nam,VNM,2009,1.79656609383679
Viet Nam,VNM,2010,2.09259938242001
Viet Nam,VNM,2011,2.79209384764477
Viet Nam,VNM,2012,3.43791016533392
Viet Nam,VNM,2013,3.10707263260723
Viet Nam,VNM,2014,3.49733108025612
Viet Nam,VNM,2015,2.75511790461507
Viet Nam,VNM,2016,2.63885944068427
Viet Nam,VNM,2017,2.11141959192174
Viet Nam,VNM,2018,2.12656065140467
Viet Nam,VNM,2019,1.77330386734804
Viet Nam,VNM,2020,1.87185415971074
Viet Nam,VNM,2021,1.59911146644285
Viet Nam,VNM,2022,2.32004921223853
Viet Nam,VNM,2023,5.40935233043068
Viet Nam,VNM,2024,4.84808056727128
Vanuatu,VUT,2010,4.77150543510283
Vanuatu,VUT,2011,7.82015970798529
Vanuatu,VUT,2012,7.82678528887575
Vanuatu,VUT,2013,14.1043951624069
Vanuatu,VUT,2014,10.72651222798
Vanuatu,VUT,2015,12.2669904276453
Vanuatu,VUT,2016,10.8098880003735
Vanuatu,VUT,2017,15.0452264354829
Samoa,WSM,2016,3.72405853190228
Samoa,WSM,2017,5.28277454094001
Samoa,WSM,2018,3.60416147310541
Samoa,WSM,2019,3.95248764606907
Samoa,WSM,2020,3.84423551921777
Samoa,WSM,2021,3.55056387502311
Samoa,WSM,2022,4.98291772854717
Samoa,WSM,2023,5.37135173195123
Samoa,WSM,2024,4.20226648010875
Kosovo,XKX,2010,5.69841005452576
Kosovo,XKX,2011,5.60078770656018
Kosovo,XKX,2012,7.16122893927306
Kosovo,XKX,2013,8.1331988515195
Kosovo,XKX,2014,7.9569987721034
Kosovo,XKX,2015,5.83242585494619
Kosovo,XKX,2016,4.66137799499364
Kosovo,XKX,2017,2.93417258582565
Kosovo,XKX,2018,2.56894447422835
Kosovo,XKX,2019,1.93256959783445
Kosovo,XKX,2020,2.47418317289528
Kosovo,XKX,2021,2.13270464070687
Kosovo,XKX,2022,1.93605113644216
Kosovo,XKX,2023,1.93387207399385
Kosovo,XKX,2024,1.86408526407201
Kosovo,XKX,2025,2.03070913696283
South Africa,ZAF,2008,3.92151508288564
South Africa,ZAF,2009,5.93611112398251
South Africa,ZAF,2010,5.79213600421704
South Africa,ZAF,2011,4.68085453063316
South Africa,ZAF,2012,4.04289177410579
South Africa,ZAF,2013,3.64128702921644
South Africa,ZAF,2014,3.24484679094119
South Africa,ZAF,2015,3.12168564309893
South Africa,ZAF,2016,2.85780789685003
South Africa,ZAF,2017,2.84200004498428
South Africa,ZAF,2018,3.72802083553832
South Africa,ZAF,2019,3.8923903817602
South Africa,ZAF,2020,5.18028329482246
South Africa,ZAF,2021,4.4542556212951
South Africa,ZAF,2022,4.14167269623936
South Africa,ZAF,2023,4.72216238902933
South Africa,ZAF,2024,4.53555112448807
Zambia,ZMB,2007,8.29268685998542
Zambia,ZMB,2008,6.16079889871222
Zambia,ZMB,2009,27.1980586657819
Zambia,ZMB,2010,14.8235944117761
Zambia,ZMB,2011,10.3765643433032
Zambia,ZMB,2012,8.10539058575298
Zambia,ZMB,2013,6.95836224281355
Zambia,ZMB,2014,6.10431821561777
Zambia,ZMB,2015,7.27920989434563
Zambia,ZMB,2016,9.66494478806436
Zambia,ZMB,2017,11.9837030549505
Zambia,ZMB,2018,10.9511985266962
Zambia,ZMB,2019,8.90727795611646
Zambia,ZMB,2020,11.6305661246946
Zambia,ZMB,2021,5.82203274352001
Zambia,ZMB,2022,4.98070477108037
Zambia,ZMB,2023,4.21601675932856
Zambia,ZMB,2024,4.06472934916428
Zambia,ZMB,2025,2.77282960709166
